GEOID,category,name,rating,lat,lon
551010004002,grocery,Racine Supermarket,0.0,42.7379493713379,-87.7901153564453
551010004002,grocery,Dean’s Mini Mart,0.0,42.7379568,-87.7901622
551010004002,grocery,Santa Fe Taqueria & Liquor Store,4.5,42.7424185313847,-87.7865309989944
551010004002,grocery,Carriage House Liquors,2.3,42.73183,-87.78471
551010004002,grocery,Mjs Mini Mart,0.0,42.74045,-87.79566
551010004002,restaurant,Butcher & Barrel Gastropub,4.0,42.731212030546814,-87.78390658540012
551010004002,restaurant,Reefpoint Brew House,3.3,42.7303802461312,-87.7756527811289
551010004002,restaurant,Olde Madrid,4.4,42.7265536,-87.7857899
551010004002,restaurant,Hotel Verdant,4.5,42.72783281247861,-87.78388220370483
551010004002,restaurant,Chartroom Restaurant,3.8,42.733987563355235,-87.78267699999999
551010004002,pharmacy,Lakeview Pharmacy,5.0,42.727785,-87.783177
551010004002,pharmacy,Walgreens,3.0,42.7313907,-87.7990202
551010004002,pharmacy,Walgreens,5.0,42.7452354770607,-87.797876894474
551010004002,pharmacy,Avenir Medical,0.0,42.7252082824707,-87.790412902832
551010004002,clinic,Walgreens,5.0,42.7452354770607,-87.797876894474
551010004002,clinic,Walgreens,3.0,42.7313907,-87.7990202
551010004002,clinic,911 Dental Group,0.0,42.72925,-87.78231
551010004002,clinic,Bella Anima,0.0,42.7317257,-87.7906776
551010004002,clinic,"Paul Rohling, MSW, LCSW",0.0,42.72582,-87.78739
551010004002,hospital,Racine Community Health Center,0.0,42.73187254828497,-87.7952746
551010004002,hospital,Northwestern Medical,0.0,42.72476,-87.78543
551010004002,hospital,"Priceless Time Adult Family Home, LLC",0.0,42.744019,-87.801422
551010004002,school,Racine Lutheran High School,0.0,42.7306137084961,-87.8059844970703
551010004002,school,Schools-Parochial,0.0,42.7401161193848,-87.786491394043
551010004002,school,21st Century Preparatory School,0.0,42.7291488647461,-87.7959976196289
551010004002,school,Racine Unified School District,0.0,42.7387199401855,-87.7853927612305
551010004002,school,Schools-Public-Unified,0.0,42.7411689758301,-87.7910842895508
551010004002,bank,Johnson Financial Group,2.0,42.727792,-87.782437
551010004002,bank,Wells Fargo Bank,0.0,42.7425232,-87.7955399
551010004002,bank,Le Credit-Bail Banque Nationale,0.0,48.42804,-71.05465
551010004002,bank,Sehgal Legacy Technologies,0.0,42.46117277751879,-87.86960563234669
551010004002,hair,Partners In Design & Spa,4.1,42.74795,-87.78641
551010004002,hair,The Main Credentials,5.0,42.7303307,-87.7831954
551010004002,hair,Tangles Salon Studio,4.3,42.7303799,-87.78384
551010004002,hair,Blue Dove Salon & Day Spa,4.8,42.705217,-87.826609
551010004002,hair,Crazy Legs Hair Salon,5.0,42.731059261035355,-87.7999749
551010004002,gym,CrossFit Racine,0.0,42.744264,-87.797436
551010004002,gym,Lakefront Branch YMCA,2.0,42.7255638688803,-87.7813806384802
551010004002,gym,Yoga Roots Racine,4.6,42.727095,-87.785437
551010004002,gym,Wisconsin Strength Project,0.0,42.7442665100098,-87.7974166870117
551010004002,gym,Anchor Fitness,0.0,42.72688,-87.7857
551010004002,coffee,Divino Gelato Cafe,3.8,42.73080618406592,-87.78325089813126
551010004002,coffee,The Inclusive Bean,5.0,42.739267,-87.806534
551010004002,coffee,Main Street Bakery,4.9,42.72973,-87.7837
551010004002,coffee,The Maple Table,4.1,42.7272722,-87.783631
551010004002,coffee,Red Onion Cafe,4.5,42.72765,-87.78231
551010004002,daycare,Next Generation Now,4.0,42.7291488647461,-87.7959976196289
551010004002,daycare,Keshawn Loving Daycare,0.0,42.73725,-87.7920199
551010004002,daycare,Almost Home Academy,0.0,42.7380599975586,-87.784797668457
551010004002,daycare,Lakefront Branch YMCA,2.0,42.7255638688803,-87.7813806384802
551010004002,daycare,St. Edwards Child Development Center,5.0,42.7147701029875,-87.8174086590202
551010004002,laundry,Laundromax,4.5,42.623438,-87.844068
551010004002,laundry,Queensway Food & Laundromat,0.0,42.7397918701172,-87.7926635742188
551010004002,laundry,Perfect Touch Cleaner,0.0,42.7360497,-87.7894974
551010004002,laundry,Martinizing Dry Cleaning,1.4,42.71888,-87.83511
551010004002,laundry,Martinizing Dry Cleaning,1.0,42.6964950561523,-87.8130340576172
551010006003,grocery,Lee's Deli,4.0,42.7146989,-87.8103078
551010006003,grocery,16th Street Foods,0.0,42.7125968933105,-87.8121871948242
551010006003,grocery,La Mexicana,0.0,42.73170926128726,-87.79691840247483
551010006003,grocery,Schultz Sav-O Stores,0.0,42.7196350097656,-87.8170394897461
551010006003,grocery,Family Super Market,0.0,42.7182922363281,-87.7985000610352
551010006003,restaurant,Blueberry Hilltop Cafe,4.2,42.73122914275525,-87.82064864160071
551010006003,restaurant,Kabab And Grill,4.7,42.715242,-87.798019
551010006003,restaurant,Rickey Rick Smokehouse BBQ,0.0,42.71858784065628,-87.8178758
551010006003,restaurant,Emma’s Tacos,3.9,42.721594,-87.816564
551010006003,restaurant,Rosies,3.8,42.70892199563873,-87.80764495090293
551010006003,pharmacy,CVS Pharmacy,3.7,42.71982,-87.816618
551010006003,pharmacy,Walgreens,3.0,42.7313907,-87.7990202
551010006003,clinic,St Mary's Medical Center,2.0,42.731803091271715,-87.8264831
551010006003,clinic,Eye Clinic Of Racine,5.0,42.7334081,-87.8255312
551010006003,clinic,Wegner Vision Clinic,3.5,42.7195472717285,-87.8177032470703
551010006003,clinic,Vision Clinic-Dr Savin & Assoc,3.0,42.7151012,-87.7973161
551010006003,clinic,Cernak-Bruns Foot & Ankle Clinic Sc,0.0,42.7334081,-87.8255312
551010006003,hospital,Ascension All Saints Hospital Spring Street Campus,1.7,42.7317886,-87.8264831
551010006003,hospital,St Mary's Medical Center,2.0,42.731803091271715,-87.8264831
551010006003,hospital,Southeastern Wisconsin Regional Cancer Center,0.0,42.7335026,-87.8257185
551010006003,hospital,Racine Community Health Center,0.0,42.73187254828497,-87.7952746
551010006003,hospital,David T Jeanson,0.0,42.7186524868011,-87.8176829963923
551010006003,school,Schools-Public-Unified,0.0,42.7260623,-87.8109615
551010006003,school,Racine Lutheran High School,0.0,42.7306137084961,-87.8059844970703
551010006003,school,21st Century Preparatory School,0.0,42.7291488647461,-87.7959976196289
551010006003,school,Next Generation Now,4.0,42.7291488647461,-87.7959976196289
551010006003,school,Racine Unified School District,0.0,42.71004,-87.81247
551010006003,bank,Modine Employees Credit Union,0.0,42.7136764526367,-87.8168563842773
551010006003,hair,The Bluegrass,3.4,42.718441,-87.818878
551010006003,hair,Crazy Legs Hair Salon,5.0,42.731059261035355,-87.7999749
551010006003,hair,Quick Time Hair Salon,3.1,42.7174161,-87.8262149
551010006003,hair,Young's Beauty Mart,3.0,42.732265,-87.799005
551010006003,hair,Yolanda's Turning Heads Salon,0.0,42.7188249,-87.8181526
551010006003,gym,Blue River CrossFit,0.0,42.70024,-87.82501
551010006003,gym,One Healing Heart,5.0,43.2215658383203,-87.9266018485584
551010006003,coffee,Wilson's Coffee & Tea,4.7,42.71894,-87.81889
551010006003,coffee,Esperanza Coffee Collective,5.0,42.71489146773142,-87.79780199999999
551010006003,coffee,Bendtsen's Bakery,4.6,42.71895,-87.81755
551010006003,coffee,Nissi's Cake Room,5.0,42.718725,-87.818075
551010006003,coffee,Blueberry Hilltop Cafe,4.2,42.73122914275525,-87.82064864160071
551010006003,daycare,Motherland Learning Childcare,5.0,42.712299011554066,-87.80694035175821
551010006003,daycare,St. Edwards Child Development Center,5.0,42.7147701029875,-87.8174086590202
551010006003,daycare,Next Generation Now,4.0,42.7291488647461,-87.7959976196289
551010006003,daycare,One Step Ahead Child Care,0.0,42.7180786132812,-87.8170394897461
551010006003,daycare,Sallie's Little Angels,0.0,42.71784,-87.82019
551010006003,laundry,Bubbles of Color,5.0,42.753792,-87.811206
551010006003,laundry,J & M Coin Laundry,2.3,42.7219,-87.79343
551010006003,laundry,Martinizing Dry Cleaning,1.0,42.7334823608398,-87.8022155761719
551010006003,laundry,SR Sparkle Service,0.0,42.726104,-87.82545
551010007003,grocery,Christiano Supermarket,0.0,42.70447,-87.80659
551010007003,grocery,Fine Fare Foods,0.0,42.6967506408691,-87.8021087646484
551010007003,grocery,Baja,0.0,42.7030258178711,-87.7921829223633
551010007003,grocery,Jalisco Michoacan Grocery Store,0.0,42.70614,-87.7939899
551010007003,grocery,Pantry Plus,0.0,42.7044423,-87.8112951
551010007003,restaurant,Wells Brothers Restaurant,4.5,42.702693939209,-87.7928237915039
551010007003,restaurant,La Taquiza,4.6,42.70018806005767,-87.79222279999999
551010007003,restaurant,Tucker's Homestyle Cook,5.0,42.70105981975014,-87.7932022
551010007003,restaurant,Rosies,3.8,42.70892199563873,-87.80764495090293
551010007003,restaurant,Martha's Pancake House Cafe,4.0,42.697611738442006,-87.81687803081991
551010007003,clinic,Southwest Dental Group,5.0,42.700083198315056,-87.81497033254028
551010007003,clinic,Pet Pals Grooming Salon,5.0,42.701019,-87.803055
551010007003,clinic,New Image Spa and Suites,0.0,42.6941,-87.81834
551010007003,clinic,I Am Redefining Me,0.0,42.676899,-87.857858
551010007003,school,Racine Unified School District,0.0,42.69908,-87.81107
551010007003,school,Racine Montessori School Child Care Program,0.0,42.7007,-87.79079
551010007003,school,Racine Unified School District,0.0,42.71004,-87.81247
551010007003,school,Racine Unified School District,0.0,42.70556640625,-87.7899627685547
551010007003,school,American Professional Driving School,1.8,42.705638885498,-87.8095550537109
551010007003,bank,Landmark Credit Union,2.3,42.706961,-87.816902
551010007003,bank,Modine Employees Credit Union,0.0,42.7136764526367,-87.8168563842773
551010007003,hair,Cut The Crap,3.7,42.696641,-87.81202
551010007003,hair,PeedeBae Beauty,0.0,42.7008590698242,-87.8007125854492
551010007003,hair,Mofabulous Hair & Beauty,0.0,42.7016,-87.79231333
551010007003,hair,Carla's Beauty Salon,0.0,42.70430133,-87.810783
551010007003,hair,Magic Scissors Beauty Studio,5.0,42.7042749,-87.8238383
551010007003,gym,Taoist Tai Chi Society,5.0,42.70759,-87.79576
551010007003,coffee,Martha's Pancake House Cafe,4.0,42.697611738442006,-87.81687803081991
551010007003,coffee,Ixtapan Mexican Restaurant,4.1,42.699834,-87.793237
551010007003,daycare,Motherland Learning Childcare,5.0,42.712299011554066,-87.80694035175821
551010007003,daycare,It Takes a Village Child Learning Center,0.0,42.72282,-87.78798
551010007003,daycare,Adventureland  Daycare  Center,0.0,42.71071,-87.78837
551010007003,daycare,S&s Family Child Care,0.0,42.70648,-87.79061
551010007003,daycare,Xcite,0.0,42.7076644897461,-87.8115539550781
551010007003,laundry,Quickclean Laundromat,5.0,42.70758,-87.80799
551010007003,laundry,L L Laundry,0.0,42.69599,-87.80734
551010007003,laundry,Coin Laundry,0.0,42.6967506408691,-87.8021087646484
551010007003,laundry,Martinizing Dry Cleaning,1.0,42.6964950561523,-87.8130340576172
551010007003,laundry,Racine Cleaners & Alterations,0.0,42.696519,-87.813059
551010009012,grocery,Piggly Wiggly Super Markets,2.8,42.694868,-87.828085
551010009012,grocery,Dollar General,0.0,42.696096,-87.829216
551010009012,grocery,Christiano Supermarket,0.0,42.70447,-87.80659
551010009012,grocery,16th Street Foods,0.0,42.7125968933105,-87.8121871948242
551010009012,grocery,Pantry Plus,0.0,42.7044423,-87.8112951
551010009012,restaurant,Javier's Cuisine,4.4,42.705719,-87.825682
551010009012,restaurant,Buckets Pub,3.8,42.7053021,-87.82549131165669
551010009012,restaurant,Martha's Pancake House Cafe,4.0,42.697611738442006,-87.81687803081991
551010009012,restaurant,El Buen Manantial,3.9,42.703387,-87.825616
551010009012,restaurant,Tino's Carry Out,4.5,42.70241,-87.826413
551010009012,pharmacy,Walgreens,1.0,42.6961730477402,-87.8253494203091
551010009012,pharmacy,CVS Pharmacy,1.0,42.696243,-87.826518
551010009012,clinic,Foot and Ankle Specialists of Racine,3.8,42.69092,-87.83622
551010009012,clinic,CVS Pharmacy,1.0,42.696243,-87.826518
551010009012,clinic,Walgreens,1.0,42.6961730477402,-87.8253494203091
551010009012,clinic,Southwest Dental Group,5.0,42.700083198315056,-87.81497033254028
551010009012,clinic,Motion Physical Therapy,5.0,42.7103614807129,-87.8368988037109
551010009012,school,Racine Unified School District,0.0,42.69908,-87.81107
551010009012,school,Racine Unified School District,0.0,42.7014380693436,-87.8297086805105
551010009012,school,Racine Unified School District,0.0,42.71004,-87.81247
551010009012,school,Spectrum School of the Arts,0.0,42.7044949,-87.7867335
551010009012,school,Schools-Public Unified,0.0,42.71373,-87.83768
551010009012,bank,Tri City National Bank,0.0,42.699122108445366,-87.82636315054572
551010009012,bank,Landmark Credit Union,2.3,42.706961,-87.816902
551010009012,bank,Bank of Elmwood,0.0,42.69908,-87.82657
551010009012,bank,Racine Municipal Employee's Credit Union,5.0,42.70729,-87.82572
551010009012,bank,Tri City National Bank,0.0,42.6966918,-87.8292674
551010009012,hair,Blue Dove Salon & Day Spa,4.8,42.705217,-87.826609
551010009012,hair,Magic Scissors Beauty Studio,5.0,42.7042749,-87.8238383
551010009012,hair,Cut The Crap,3.7,42.696641,-87.81202
551010009012,hair,Walgreens,1.0,42.6961730477402,-87.8253494203091
551010009012,hair,Hair Emporium,0.0,42.7009315490723,-87.8263320922852
551010009012,gym,Harbor Park Crossfit,5.0,42.700099,-87.824963
551010009012,gym,Blue River CrossFit,0.0,42.70024,-87.82501
551010009012,gym,Studio YOUniverse,0.0,42.700191,-87.824963
551010009012,gym,ActiveBody Fitness,0.0,42.7276,-87.78464
551010009012,gym,Taoist Tai Chi Society,5.0,42.70759,-87.79576
551010009012,coffee,O&H Danish Bakery,4.3,42.6972618103027,-87.8275451660156
551010009012,coffee,Dairy Queen Ltd Brazier,2.0,42.6971557410116,-87.8268677
551010009012,coffee,Dynasty Family Restaurant,3.3,42.70087,-87.82557
551010009012,coffee,Martha's Pancake House Cafe,4.0,42.697611738442006,-87.81687803081991
551010009012,coffee,McDonald's,1.1,42.7037452,-87.8263411
551010009012,daycare,Motherland Learning Childcare,5.0,42.712299011554066,-87.80694035175821
551010009012,daycare,Tmi,0.0,42.7022933959961,-87.8268280029297
551010009012,daycare,Patrice's Daycare,0.0,42.71057,-87.82031
551010009012,daycare,Adventureland  Daycare  Center,0.0,42.71071,-87.78837
551010009012,daycare,Xcite,0.0,42.7076644897461,-87.8115539550781
551010009012,laundry,Velvet Touch Laundromat,2.8,42.70475,-87.8258351
551010009012,laundry,Blue Kangaroo Coin Laundry,2.3,42.695691,-87.8270283
551010009012,laundry,Quickclean Laundromat,5.0,42.70758,-87.80799
551010009012,laundry,Martinizing Dry Cleaning,1.0,42.6964950561523,-87.8130340576172
551010009012,laundry,L L Laundry,0.0,42.69599,-87.80734
551010009031,grocery,Piggly Wiggly Super Markets,2.8,42.694868,-87.828085
551010009031,grocery,Dollar General,0.0,42.696096,-87.829216
551010009031,grocery,Georgetown Village Market,1.0,42.6887283325195,-87.8362808227539
551010009031,restaurant,Martha's Pancake House Cafe,4.0,42.697611738442006,-87.81687803081991
551010009031,restaurant,Juicy Lucy's Kitchen,0.0,42.69595865666261,-87.82487065135011
551010009031,restaurant,Ramen Racine,2.6,42.69711364898302,-87.81788365454393
551010009031,restaurant,China House II,3.7,42.695831,-87.82753
551010009031,restaurant,Tino's Carry Out,4.5,42.70241,-87.826413
551010009031,pharmacy,Walgreens,1.0,42.6961730477402,-87.8253494203091
551010009031,pharmacy,CVS Pharmacy,1.0,42.696243,-87.826518
551010009031,clinic,Foot and Ankle Specialists of Racine,3.8,42.69092,-87.83622
551010009031,clinic,CVS Pharmacy,1.0,42.696243,-87.826518
551010009031,clinic,Walgreens,1.0,42.6961730477402,-87.8253494203091
551010009031,clinic,Creating Beautiful Smiles - Debra Palmer,4.0,42.6893214769261,-87.8317970768098
551010009031,clinic,New Image Spa and Suites,0.0,42.6941,-87.81834
551010009031,school,Racine Unified School District,0.0,42.68336,-87.8185699
551010009031,school,Racine Unified School District,0.0,42.69908,-87.81107
551010009031,school,Racine Unified School District,0.0,42.7014380693436,-87.8297086805105
551010009031,school,Little Roots Early School,0.0,42.72085347289243,-87.79413559999999
551010009031,bank,Tri City National Bank,0.0,42.699122108445366,-87.82636315054572
551010009031,bank,Tri City National Bank,0.0,42.6966918,-87.8292674
551010009031,bank,Bank of Elmwood,0.0,42.69908,-87.82657
551010009031,hair,Cut The Crap,3.7,42.696641,-87.81202
551010009031,hair,Walgreens,1.0,42.6961730477402,-87.8253494203091
551010009031,hair,O'Hair,0.0,42.68765,-87.835179
551010009031,hair,Daniela Cortese,0.0,42.69669,-87.812037
551010009031,hair,Hair Emporium,0.0,42.7009315490723,-87.8263320922852
551010009031,gym,Harbor Park Crossfit,5.0,42.700099,-87.824963
551010009031,gym,Blue River CrossFit,0.0,42.70024,-87.82501
551010009031,gym,Studio YOUniverse,0.0,42.700191,-87.824963
551010009031,gym,ActiveBody Fitness,0.0,42.7276,-87.78464
551010009031,gym,Taoist Tai Chi Society,5.0,42.70759,-87.79576
551010009031,coffee,O&H Danish Bakery,4.3,42.6972618103027,-87.8275451660156
551010009031,coffee,Dairy Queen Ltd Brazier,2.0,42.6971557410116,-87.8268677
551010009031,coffee,Dynasty Family Restaurant,3.3,42.70087,-87.82557
551010009031,coffee,Martha's Pancake House Cafe,4.0,42.697611738442006,-87.81687803081991
551010009031,coffee,Piggly Wiggly Super Markets,2.8,42.694868,-87.828085
551010009031,daycare,Tmi,0.0,42.7022933959961,-87.8268280029297
551010009031,daycare,Adventureland  Daycare  Center,0.0,42.71071,-87.78837
551010009031,daycare,It Takes a Village Child Learning Center,0.0,42.72282,-87.78798
551010009031,daycare,Little Roots Early School,0.0,42.72085347289243,-87.79413559999999
551010009031,laundry,Blue Kangaroo Coin Laundry,2.3,42.695691,-87.8270283
551010009031,laundry,Martinizing Dry Cleaning,1.0,42.6964950561523,-87.8130340576172
551010009031,laundry,L L Laundry,0.0,42.69599,-87.80734
551010009031,laundry,Racine Cleaners & Alterations,0.0,42.696519,-87.813059
551010009031,laundry,Valet Cleaners,0.0,42.69672,-87.82719
551010012014,grocery,Timers Beverage Center,3.6,42.75303,-87.82594
551010012014,restaurant,Richard's Bar and BBQ,3.7,42.75236,-87.82004
551010012014,restaurant,Rapids Chicken,4.5,42.7511405250296,-87.81543785889546
551010012014,restaurant,Infusino's Pizzeria,2.7,42.7512626647949,-87.8191452026367
551010012014,restaurant,River Run Restaurant,3.0,42.7516212,-87.8226776
551010012014,restaurant,Meli’s Breakfast & Tacos,3.6,42.75196648081256,-87.82097910322047
551010012014,clinic,Beechwood Veterinary Clinic,3.9,42.749799,-87.8150411
551010012014,clinic,Thostrup Chiropractic Sc,5.0,42.7495613098145,-87.814208984375
551010012014,clinic,Daniels Daniel B Chiropractor,5.0,42.74884,-87.81222
551010012014,clinic,Lakeside Family Therapy Services,1.0,42.75547,-87.83825
551010012014,clinic,Renew Medical Aesthetics,5.0,42.7501875,-87.8159345
551010012014,school,Grandma’s Home Away From Home Daycare,5.0,42.749942,-87.815254
551010012014,bank,Tri City National Bank,5.0,42.7552987,-87.83715039001368
551010012014,bank,Educators Credit Union,4.0,42.7509155273438,-87.8210220336914
551010012014,bank,Landmark Credit Union,0.0,42.7517113,-87.819817
551010012014,hair,Therapies for The Ultimate Human Body & Natural Hair Barbery,0.0,42.751407355631535,-87.81982678057796
551010012014,hair,Hair by Rocco Beauty Salon,0.0,42.7499619,-87.8153305
551010012014,hair,Loc_KINGDOM 262,0.0,42.75379214682351,-87.81120592908995
551010012014,gym,Chay's Tae Kwon Do,4.5,42.7536277770996,-87.8258056640625
551010012014,coffee,Racine Danish Kringles,3.5,42.7520446777344,-87.8161468505859
551010012014,coffee,River Run Restaurant,3.0,42.7516212,-87.8226776
551010012014,daycare,Grandma’s Home Away From Home Daycare,5.0,42.749942,-87.815254
551010012014,daycare,Mama 2's Daycare,0.0,42.75492,-87.8316399
551010012014,laundry,Bubbles of Color,5.0,42.753792,-87.811206
551010012014,laundry,Zyromi Wash N' Fold,0.0,42.75171,-87.82301
551332031034,grocery,Waukesha Farmer's Market,4.4,43.0119199,-88.2349321
551332031034,grocery,Save & Save Groceries-La Tienda Mexicana,0.0,43.0108985900879,-88.2331237792969
551332031034,grocery,Speedway,1.0,43.0187377929688,-88.2392349243164
551332031034,restaurant,The Coop,4.5,43.01627,-88.23683
551332031034,restaurant,Tofte's Table,4.7,43.0120729,-88.2323931
551332031034,restaurant,Lou's Lucky Penny,5.0,43.007994,-88.241701
551332031034,restaurant,Taylor's People's Park,4.0,43.011072,-88.232649
551332031034,restaurant,Travieso,4.3,43.01152309711805,-88.23238341028522
551332031034,pharmacy,Moreland Plaza Pharmacy,4.3,43.0247451,-88.2425527
551332031034,pharmacy,Walgreens,1.8,43.0133183,-88.2348872
551332031034,pharmacy,Jendusa Pharmacy-An Aurora Pharmacy,0.0,43.0149193,-88.2355576
551332031034,pharmacy,Waukesha Pharmacy,0.0,43.0112114,-88.2430878
551332031034,pharmacy,Aurora Pharmacy,0.0,43.0149193,-88.2355576
551332031034,clinic,Waukesha Family Practice Clinic,0.0,43.0094680786133,-88.2307662963867
551332031034,clinic,Moreland Family Medicine Associates,2.3,43.0242996,-88.2377777
551332031034,clinic,Neurologic Associates of Wisconsin,3.7,43.0234618135844,-88.2401399466964
551332031034,clinic,GI Associates - Waukesha,1.7,43.024,-88.2395
551332031034,clinic,Kass Edward G MD,5.0,43.0239906,-88.2394104
551332031034,hospital,Waukesha Memorial Hospital,2.2,43.010805645315585,-88.24283200010352
551332031034,hospital,Pro Health Heart & Vascular Center,0.0,43.01147325872852,-88.24495264166042
551332031034,hospital,Moreland Surgery Center,3.7,43.0239730867611,-88.2398795885119
551332031034,hospital,Optifast Program of Waukesha Memorial Hospital,0.0,43.0139312744141,-88.236328125
551332031034,hospital,Neurologic Associates of Wisconsin,3.7,43.0234618135844,-88.2401399466964
551332031034,school,Schools-Waukesha-Public,0.0,43.0158805847168,-88.2403335571289
551332031034,school,Waukesha School District,0.0,43.0158805847168,-88.2403335571289
551332031034,school,Waukesha School District,0.0,43.0256767272949,-88.2476043701172
551332031034,school,Schools-Waukesha-Public,0.0,43.0256767272949,-88.2476043701172
551332031034,school,Waukesha Catholic School System,0.0,43.0192146,-88.250618
551332031034,bank,Educators Credit Union,4.3,43.0223618,-88.2543716
551332031034,bank,Waukesha State Bank,0.0,43.01281,-88.2332
551332031034,bank,First Federal Bank of Wisconsin,1.0,43.0215492,-88.2563019
551332031034,bank,Associated Bank,0.0,43.00997,-88.23176
551332031034,bank,Sehgal Legacy Technologies,0.0,42.46117277751879,-87.86960563234669
551332031034,hair,Van Bier Salon,4.6,43.0115485,-88.2329641
551332031034,hair,Great Clips,3.0,43.0247459,-88.2429581
551332031034,hair,Ember Hair Studio,5.0,43.01065220092686,-88.231128228836
551332031034,hair,Hair Shapers,4.3,43.0214958,-88.2520447
551332031034,hair,Karen for Hair,5.0,43.01285,-88.234251
551332031034,gym,Yoga For The People,1.0,43.0160972,-88.2413797
551332031034,gym,Right Body Fitness,5.0,43.009577,-88.229785
551332031034,gym,Cho's Martial Arts,0.0,43.0214950406516,-88.2537126168609
551332031034,gym,Cho's Martial Arts,5.0,43.0215187072754,-88.2536010742188
551332031034,gym,GYMGUYZ Greater Waukesha County,0.0,43.0069885253906,-88.2314529418945
551332031034,coffee,Waukesha Cafe House,4.9,43.00986721228767,-88.23471009352185
551332031034,coffee,Copilot Coffee Co,4.2,43.01097025183552,-88.23339046080748
551332031034,coffee,Cafe De Arts,4.7,43.007743,-88.243765
551332031034,coffee,The Steaming Cup,4.2,43.0114022,-88.2327168
551332031034,coffee,Scooters Coffee,5.0,43.01437,-88.22977
551332031034,daycare,St Luke's Lutheran Church,5.0,43.0081062316895,-88.232307434082
551332031034,daycare,hawthorne elementary School,5.0,43.0256617112028,-88.2470328288395
551332031034,daycare,Primrose School of Brookfield,5.0,43.0913930282273,-88.14164599999998
551332031034,daycare,Children's World Learning Centers,0.0,43.0247116088867,-88.2548141479492
551332031034,daycare,Waukesha Pine Street KinderCare,0.0,43.024731,-88.254783
551332031034,laundry,North Street Station Laundromat,3.7,43.016487121582,-88.2316360473633
551332031034,laundry,Summit Ave Laundry,0.0,43.02138,-88.25249
551332031034,laundry,Washbnb,5.0,43.0440864562988,-87.8990631103516
551332031034,laundry,Quick Cleaners,0.0,43.0149422,-88.2355549
551332031034,laundry,Grab a Wash,0.0,43.082437,-88.035491
550279607003,grocery,Walmart Supercenter,2.7,43.48927,-88.81221
550279607003,grocery,Lupita's Market,4.2,43.4717484,-88.8394928
550279607003,grocery,ALDI,5.0,43.47901624866187,-88.8201263675508
550279607003,restaurant,Tower Lanes,2.5,43.4765777587891,-88.8242874145508
550279607003,restaurant,El Guacamole,3.9,43.4775832556213,-88.8202047527913
550279607003,restaurant,Applebee's Grill + Bar,1.7,43.477156,-88.821761
550279607003,restaurant,IHOP,1.0,43.48,-88.822
550279607003,restaurant,Chang Jiang Chinese Buffet,4.0,43.48705,-88.81187
550279607003,pharmacy,Aurora Pharmacy,0.0,43.4764595,-88.8229523
550279607003,pharmacy,Walmart Pharmacy,0.0,43.48879,-88.81157
550279607003,pharmacy,Walmart Supercenter,2.7,43.48927,-88.81221
550279607003,clinic,Affiliated Counseling Center,2.0,43.4769769,-88.8367659
550279607003,clinic,Noble Community Clinics - Medical/Behavioral Health,2.3,43.47807157787439,-88.8208592
550279607003,clinic,"Vita Park Eye Associates, SC",3.0,43.4837664,-88.8124563
550279607003,clinic,"Fields, Janna",0.0,43.480248,-88.810958
550279607003,clinic,"Jay Wilkins, MD",0.0,43.4837664,-88.8124563
550279607003,hospital,Beaver Dam Community Hospital,0.0,43.4634475708008,-88.8292083740234
550279607003,hospital,Paladina Health,0.0,43.4799481222906,-88.8115885059632
550279607003,school,Beaver Dam School District,0.0,43.467043766571166,-88.82139962419983
550279607003,school,Schools,0.0,43.4653687477112,-88.8215707987547
550279607003,school,Drivers Edvantage Driving School,5.0,43.468705498407765,-88.83114584072845
550279607003,school,Schools,0.0,43.4677204,-88.8380449
550279607003,school,Schools,0.0,43.46696,-88.82163
550279607003,bank,Horicon State Bank,3.0,43.4768486,-88.8218536
550279607003,bank,National Exchange Bank & Trust,0.0,43.47389,-88.82456
550279607003,bank,Summit Credit Union,4.0,43.487236,-88.81076
550279607003,bank,American Bank,0.0,43.47196,-88.82604
550279607003,bank,American Bank,0.0,43.489227,-88.811494
550279607003,hair,Supercuts,3.4,43.48676,-88.811566
550279607003,hair,Key West Tanning Salon & Spa,0.0,43.47704,-88.83514
550279607003,hair,Trends Hair Styling Salon,3.3,43.4692917,-88.8310394
550279607003,hair,Great Clips,1.3,43.4864311,-88.8105164
550279607003,hair,Holy Grail Hair Studio & Extension Bar,0.0,43.4666,-88.82026
550279607003,gym,Anytime Fitness,4.0,43.47425,-88.8262699
550279607003,gym,Aspire Boot Camp,3.0,43.478434,-88.835448
550279607003,gym,Snap Fitness,3.0,43.47646,-88.82295
550279607003,gym,Momentum Gym,4.0,43.47373277230289,-88.83240535765975
550279607003,gym,YMCA of Dodge County,0.0,43.4832584495652,-88.8139204215116
550279607003,coffee,Starbucks,0.0,43.485671,-88.809124
550279607003,coffee,McDonald's,2.3,43.4756842064425,-88.823411981582
550279607003,coffee,Life Boost Nutrition Beaver Dam,0.0,43.472211,-88.839044
550279607003,coffee,Dairy Queen Ltd Brazier,2.8,43.47369,-88.83903
550279607003,daycare,Rainbow Connection Child Care,5.0,43.4644203,-88.8306427
550279607003,daycare,Beaver Dam Community Hospital,0.0,43.4634475708008,-88.8292083740234
550279607003,daycare,YMCA of Dodge County,0.0,43.4832584495652,-88.8139204215116
550279607003,daycare,Hand-N-Hand,0.0,43.4686737060547,-88.8304214477539
550279607003,laundry,Rock River Laundry,0.0,43.4444465637207,-88.6401596069336
550279607003,laundry,Done Bright Cleaning,0.0,43.468705,-88.831146
550279607001,grocery,Lupita's Market,4.2,43.4717484,-88.8394928
550279607001,restaurant,Lupita's Market,4.2,43.4717484,-88.8394928
550279607001,restaurant,Life Boost Nutrition Beaver Dam,0.0,43.472211,-88.839044
550279607001,restaurant,Cocktails Bar and Grill,4.3,43.4717369,-88.8394928
550279607001,restaurant,Dairy Queen Ltd Brazier,2.8,43.47369,-88.83903
550279607001,clinic,Affiliated Counseling Center,2.0,43.4769769,-88.8367659
550279607001,clinic,Animal Clinic of Beaver Dam,0.0,43.47869,-88.83536
550279607001,clinic,Van Go,2.7,43.191079,-89.454317
550279607001,clinic,Dodge County Food Pantry,0.0,43.47282491720848,-88.82758607585247
550279607001,clinic,"Animart, Inc.",0.0,43.4736595,-88.8323898
550279607001,school,Schools,0.0,43.4677204,-88.8380449
550279607001,school,Drivers Edvantage Driving School,5.0,43.468705498407765,-88.83114584072845
550279607001,school,Bestway Driving Academy,1.0,43.45430116409568,-88.84165999999999
550279607001,hair,Key West Tanning Salon & Spa,0.0,43.47704,-88.83514
550279607001,hair,Trends Hair Styling Salon,3.3,43.4692917,-88.8310394
550279607001,hair,Shanna Rose Salon,0.0,43.48918,-88.82894
550279607001,hair,Moda Bella Salon,0.0,43.4714451,-88.8382519
550279607001,hair,La Moore Hair & Tanning Salon,0.0,43.4717484,-88.8394928
550279607001,gym,Aspire Boot Camp,3.0,43.478434,-88.835448
550279607001,gym,Momentum Gym,4.0,43.47373277230289,-88.83240535765975
550279607001,gym,Mindful Wellness,0.0,43.10625,-89.51311
550279607001,gym,AKF Martial Arts Academy,0.0,43.47289073758864,-88.8383223
550279607001,coffee,Life Boost Nutrition Beaver Dam,0.0,43.472211,-88.839044
550279607001,coffee,Dairy Queen Ltd Brazier,2.8,43.47369,-88.83903
550279607001,daycare,Hand-N-Hand,0.0,43.4686737060547,-88.8304214477539
550279607001,laundry,Rock River Laundry,0.0,43.4444465637207,-88.6401596069336
550279607001,laundry,Done Bright Cleaning,0.0,43.468705,-88.831146
551010013013,grocery,Sausage Kitchen,4.6,42.7454545,-87.8019658
551010013013,grocery,Pick N Save,1.0,42.749557907007,-87.808276622895
551010013013,grocery,Racine Supermarket,0.0,42.7379493713379,-87.7901153564453
551010013013,grocery,Santa Fe Taqueria & Liquor Store,4.5,42.7424185313847,-87.7865309989944
551010013013,grocery,Mjs Mini Mart,0.0,42.74045,-87.79566
551010013013,restaurant,Sausage Kitchen,4.6,42.7454545,-87.8019658
551010013013,restaurant,Big Geno’s,5.0,42.736169,-87.806139
551010013013,restaurant,ChaChas Kitchen,5.0,42.74944249084739,-87.80783727765083
551010013013,restaurant,Park Inn,4.1,42.7498664855957,-87.7986755371094
551010013013,restaurant,Gus's Gyros,3.7,42.7480545043945,-87.7990112304688
551010013013,pharmacy,Walgreens,5.0,42.7452354770607,-87.797876894474
551010013013,clinic,"Rudy Byron, MD",3.7,42.74,-87.81132
551010013013,clinic,Walgreens,5.0,42.7452354770607,-87.797876894474
551010013013,clinic,Nvira Genetics,0.0,42.751744,-87.798418
551010013013,clinic,"Larry D Neumann, DDS",5.0,42.7532348632812,-87.7980804443359
551010013013,clinic,Beechwood Veterinary Clinic,3.9,42.749799,-87.8150411
551010013013,hospital,"Priceless Time Adult Family Home, LLC",0.0,42.744019,-87.801422
551010013013,school,William Horlick High School,0.0,42.74673,-87.80931
551010013013,school,Racine Unified School District,0.0,42.75045,-87.79141
551010013013,school,Small World Montessori School,3.0,42.7425231933594,-87.7920913696289
551010013013,school,Racine Unified School District,0.0,42.74673,-87.80931
551010013013,school,Schools-Public-Unified,0.0,42.7411689758301,-87.7910842895508
551010013013,bank,Wells Fargo Bank,0.0,42.7425232,-87.7955399
551010013013,hair,Partners In Design & Spa,4.1,42.74795,-87.78641
551010013013,hair,Walgreens,5.0,42.7452354770607,-87.797876894474
551010013013,hair,Arrogant Beauty,0.0,42.7396765934833,-87.8074987510238
551010013013,hair,Studio 1 Hair Styles,0.0,42.7515411376953,-87.7918090820312
551010013013,hair,Talk of The Town,0.0,42.7512093,-87.7947464
551010013013,gym,CrossFit Racine,0.0,42.744264,-87.797436
551010013013,gym,Wisconsin Strength Project,0.0,42.7442665100098,-87.7974166870117
551010013013,gym,Flex Fitness Gym,0.0,42.7486489,-87.81021849999999
551010013013,coffee,The Inclusive Bean,5.0,42.739267,-87.806534
551010013013,coffee,Sausage Kitchen,4.6,42.7454545,-87.8019658
551010013013,coffee,Rooster's Restaurant,3.6,42.74539,-87.79988
551010013013,coffee,Park Inn,4.1,42.7498664855957,-87.7986755371094
551010013013,coffee,FarmersMarket2210,5.0,42.74905,-87.80805
551010013013,daycare,Grandma’s Home Away From Home Daycare,5.0,42.749942,-87.815254
551010013013,daycare,Racine Kenosha Community Action Agency Head Start,0.0,42.745003849268,-87.7897987514734
551010013013,daycare,Xcite,0.0,42.7462854173448,-87.7978337605794
551010013013,daycare,A Corner of Fun Learning Center,0.0,42.74715,-87.7987799
551010013013,daycare,Kiddieland Child Care,0.0,42.7516292,-87.7983246
551010013013,laundry,Bubbles of Color,5.0,42.753792,-87.811206
551010013013,laundry,Queensway Food & Laundromat,0.0,42.7397918701172,-87.7926635742188
551010013013,laundry,Martinizing Dry Cleaning,0.0,42.7611847,-87.8018494
551010013013,laundry,Perfect Touch Cleaner,0.0,42.7360497,-87.7894974
551010013022,grocery,Santa Fe Taqueria & Liquor Store,4.5,42.7424185313847,-87.7865309989944
551010013022,grocery,Racine Supermarket,0.0,42.7379493713379,-87.7901153564453
551010013022,grocery,Sausage Kitchen,4.6,42.7454545,-87.8019658
551010013022,grocery,Main Stop Food,0.0,42.7426986694336,-87.7844924926758
551010013022,grocery,Mjs Mini Mart,0.0,42.74045,-87.79566
551010013022,restaurant,Chartroom Restaurant,3.8,42.733987563355235,-87.78267699999999
551010013022,restaurant,Bridge Tender Tavern,5.0,42.73420400000001,-87.78392011720351
551010013022,restaurant,Joeys Yardarm,3.7,42.7326126098633,-87.7874298095703
551010013022,restaurant,Big Geno’s,5.0,42.736169,-87.806139
551010013022,restaurant,Sausage Kitchen,4.6,42.7454545,-87.8019658
551010013022,pharmacy,Walgreens,5.0,42.7452354770607,-87.797876894474
551010013022,clinic,Walgreens,5.0,42.7452354770607,-87.797876894474
551010013022,clinic,"Larry D Neumann, DDS",5.0,42.7532348632812,-87.7980804443359
551010013022,clinic,Nvira Genetics,0.0,42.751744,-87.798418
551010013022,clinic,Anthony J Budzinski Ms DDS,0.0,42.751701,-87.787454
551010013022,clinic,Catholic Charities,0.0,42.7348804,-87.7883751
551010013022,hospital,"Priceless Time Adult Family Home, LLC",0.0,42.744019,-87.801422
551010013022,school,Small World Montessori School,3.0,42.7425231933594,-87.7920913696289
551010013022,school,Schools-Public-Unified,0.0,42.7411689758301,-87.7910842895508
551010013022,school,Racine Unified School District,0.0,42.75045,-87.79141
551010013022,school,Schools-Parochial,0.0,42.7401161193848,-87.786491394043
551010013022,school,Racine Unified School District,0.0,42.7387199401855,-87.7853927612305
551010013022,bank,Wells Fargo Bank,0.0,42.7425232,-87.7955399
551010013022,hair,Partners In Design & Spa,4.1,42.74795,-87.78641
551010013022,hair,Walgreens,5.0,42.7452354770607,-87.797876894474
551010013022,hair,X&S Beauty Bar,0.0,42.74795707116358,-87.78644513162764
551010013022,hair,Arrogant Beauty,0.0,42.7396765934833,-87.8074987510238
551010013022,hair,Studio 1 Hair Styles,0.0,42.7515411376953,-87.7918090820312
551010013022,gym,CrossFit Racine,0.0,42.744264,-87.797436
551010013022,gym,Wisconsin Strength Project,0.0,42.7442665100098,-87.7974166870117
551010013022,coffee,The Inclusive Bean,5.0,42.739267,-87.806534
551010013022,coffee,Sausage Kitchen,4.6,42.7454545,-87.8019658
551010013022,coffee,Rooster's Restaurant,3.6,42.74539,-87.79988
551010013022,coffee,Park Inn,4.1,42.7498664855957,-87.7986755371094
551010013022,coffee,J&k’S Food Market,0.0,42.73562164167582,-87.79576999999999
551010013022,daycare,Racine Kenosha Community Action Agency Head Start,0.0,42.745003849268,-87.7897987514734
551010013022,daycare,Confident Kids Childcare,0.0,42.743626,-87.790163
551010013022,daycare,Almost Home Academy,0.0,42.7380599975586,-87.784797668457
551010013022,daycare,Keshawn Loving Daycare,0.0,42.73725,-87.7920199
551010013022,daycare,Xcite,0.0,42.7462854173448,-87.7978337605794
551010013022,laundry,Queensway Food & Laundromat,0.0,42.7397918701172,-87.7926635742188
551010013022,laundry,Perfect Touch Cleaner,0.0,42.7360497,-87.7894974
551010013022,laundry,Martinizing Dry Cleaning,1.0,42.7334823608398,-87.8022155761719
551010013024,grocery,Racine Supermarket,0.0,42.7379493713379,-87.7901153564453
551010013024,grocery,Santa Fe Taqueria & Liquor Store,4.5,42.7424185313847,-87.7865309989944
551010013024,grocery,Main Stop Food,0.0,42.7426986694336,-87.7844924926758
551010013024,grocery,Sausage Kitchen,4.6,42.7454545,-87.8019658
551010013024,grocery,Dean’s Mini Mart,0.0,42.7379568,-87.7901622
551010013024,restaurant,Butcher & Barrel Gastropub,4.0,42.731212030546814,-87.78390658540012
551010013024,restaurant,Reefpoint Brew House,3.3,42.7303802461312,-87.7756527811289
551010013024,restaurant,Chartroom Restaurant,3.8,42.733987563355235,-87.78267699999999
551010013024,restaurant,Corner House On The Lake,3.2,42.731789,-87.779939
551010013024,restaurant,Marci’s On Main,4.0,42.73098,-87.78396
551010013024,pharmacy,Walgreens,3.0,42.7313907,-87.7990202
551010013024,pharmacy,Walgreens,5.0,42.7452354770607,-87.797876894474
551010013024,clinic,Walgreens,5.0,42.7452354770607,-87.797876894474
551010013024,clinic,"Larry D Neumann, DDS",5.0,42.7532348632812,-87.7980804443359
551010013024,clinic,Walgreens,3.0,42.7313907,-87.7990202
551010013024,clinic,911 Dental Group,0.0,42.72925,-87.78231
551010013024,clinic,Nvira Genetics,0.0,42.751744,-87.798418
551010013024,hospital,Racine Community Health Center,0.0,42.73187254828497,-87.7952746
551010013024,hospital,"Priceless Time Adult Family Home, LLC",0.0,42.744019,-87.801422
551010013024,school,Racine Lutheran High School,0.0,42.7306137084961,-87.8059844970703
551010013024,school,Schools-Parochial,0.0,42.7401161193848,-87.786491394043
551010013024,school,Schools-Public-Unified,0.0,42.7411689758301,-87.7910842895508
551010013024,school,21st Century Preparatory School,0.0,42.7291488647461,-87.7959976196289
551010013024,school,Racine Unified School District,0.0,42.7387199401855,-87.7853927612305
551010013024,bank,Wells Fargo Bank,0.0,42.7425232,-87.7955399
551010013024,hair,Partners In Design & Spa,4.1,42.74795,-87.78641
551010013024,hair,The Main Credentials,5.0,42.7303307,-87.7831954
551010013024,hair,Tangles Salon Studio,4.3,42.7303799,-87.78384
551010013024,hair,Crazy Legs Hair Salon,5.0,42.731059261035355,-87.7999749
551010013024,hair,Walgreens,5.0,42.7452354770607,-87.797876894474
551010013024,gym,CrossFit Racine,0.0,42.744264,-87.797436
551010013024,gym,Wisconsin Strength Project,0.0,42.7442665100098,-87.7974166870117
551010013024,gym,Metamorphosis Arts,0.0,42.7310299,-87.78397
551010013024,gym,World Martial Arts Federation,0.0,42.7286071777344,-87.7839508056641
551010013024,coffee,Main Street Bakery,4.9,42.72973,-87.7837
551010013024,coffee,Divino Gelato Cafe,3.8,42.73080618406592,-87.78325089813126
551010013024,coffee,Sausage Kitchen,4.6,42.7454545,-87.8019658
551010013024,coffee,Market on Main,5.0,42.728445511786866,-87.78290460753372
551010013024,coffee,Rooster's Restaurant,3.6,42.74539,-87.79988
551010013024,daycare,Confident Kids Childcare,0.0,42.743626,-87.790163
551010013024,daycare,Racine Kenosha Community Action Agency Head Start,0.0,42.745003849268,-87.7897987514734
551010013024,daycare,Next Generation Now,4.0,42.7291488647461,-87.7959976196289
551010013024,daycare,Almost Home Academy,0.0,42.7380599975586,-87.784797668457
551010013024,daycare,Keshawn Loving Daycare,0.0,42.73725,-87.7920199
551010013024,laundry,Queensway Food & Laundromat,0.0,42.7397918701172,-87.7926635742188
551010013024,laundry,Perfect Touch Cleaner,0.0,42.7360497,-87.7894974
551010013024,laundry,Martinizing Dry Cleaners,1.0,42.7305011451244,-87.7834513038397
551010013024,laundry,Martinizing Dry Cleaning,1.0,42.7334823608398,-87.8022155761719
551010015013,grocery,Deli-Food Xpress,5.0,42.8139687,-87.8168869
551010015013,school,Racine Unified School District,0.0,42.7974700927734,-87.78564453125
551010015013,school,Schools-Public-Unified,0.0,42.7974700927734,-87.78564453125
551010015013,hair,Sandy's Hair Country,5.0,42.8139954,-87.8161621
551010015013,coffee,Everly’s Ice cream,5.0,42.814412,-87.816105
551010016022,clinic,Caledonia Veterinary Clinic,2.3,42.7759799,-87.8736
551010016022,hospital,Healthy Pathways,0.0,42.7609329,-87.8601889
551010017013,grocery,Festival Foods,2.8,42.7192054,-87.8492343
551010017013,grocery,Walmart Neighborhood Market,1.6,42.71811055039353,-87.84846437421987
551010017013,grocery,Malicki's Piggly Wiggly,3.3,42.717073364653,-87.8428816795349
551010017013,grocery,GFS Marketplace,3.0,42.72045,-87.84442
551010017013,grocery,Albrecht's Racine Sentry,1.0,42.7192054,-87.8492343
551010017013,restaurant,Angry Brothers Pub & Grill,3.8,42.7179313315267,-87.8601209074259
551010017013,restaurant,Georgie Porgie's Treefort Restaurant,3.9,42.7191081,-87.8464127
551010017013,restaurant,El Pueblito Mexican Restaurant,4.8,42.70230649467704,-87.85435147583485
551010017013,restaurant,Jose's Blue Sombrero Restaurant & Cantina,3.7,42.719549,-87.859691
551010017013,restaurant,Gyros Express,4.4,42.7183244,-87.8420577
551010017013,pharmacy,Good Value Pharmacy,0.0,42.719218,-87.842729
551010017013,pharmacy,Walmart Pharmacy,0.0,42.7183388,-87.8486023
551010017013,pharmacy,Walgreens,2.7,42.71910507405482,-87.83766210079193
551010017013,pharmacy,Nutritional Designs,5.0,42.7191292137521,-87.8427287936211
551010017013,pharmacy,Walmart Neighborhood Market,1.6,42.71811055039353,-87.84846437421987
551010017013,clinic,Goodyear Chiropractic Health Center,5.0,42.7135054,-87.8486734
551010017013,clinic,"Forefront Dermatology Racine, WI",1.7,42.717276645803544,-87.84742691534427
551010017013,clinic,"Joseph Sanfelippo, DDS - Mount Pleasant Family Dentistry",0.0,42.71937312927844,-87.85109293809815
551010017013,clinic,PT Plus - Racine,5.0,42.7133332,-87.8493245
551010017013,clinic,The Joint Chiropractic,3.7,42.7212,-87.84681
551010017013,hospital,Concentra Medical Centers,1.8,42.7201357483864,-87.8646558523178
551010017013,school,Racine Unified School District,0.0,42.71682,-87.85539
551010017013,school,Racine Unified School District,0.0,42.71052,-87.84123
551010017013,school,Schools-Public Unified,0.0,42.71373,-87.83768
551010017013,school,Starbuck Middle School,0.0,42.7269562,-87.8360515
551010017013,school,Racine Christian School,0.0,42.7218246459961,-87.8354110717773
551010017013,bank,Landmark Credit Union,2.3,42.718178,-87.856154
551010017013,bank,Chase Bank,3.1,42.7048408,-87.8513043
551010017013,bank,Tcf Bank,0.0,42.7184524536133,-87.8551406860352
551010017013,bank,U.S. Bank Branch,1.0,42.7182,-87.83675
551010017013,bank,McU Financial Center Credit Union,0.0,42.7139282,-87.8489227
551010017013,hair,Aponi Salon,4.2,42.7173044,-87.8473784
551010017013,hair,Salon Gloss,4.3,42.720108,-87.864113
551010017013,hair,Great Clips,2.3,42.704421,-87.854058
551010017013,hair,Cost Cutters,2.3,42.721292,-87.849303
551010017013,hair,Supercuts,2.6,42.719162,-87.844558
551010017013,gym,Vasa Fitness,3.3,42.71726493789958,-87.84339270243345
551010017013,gym,Synchronicity Pilates Studio,5.0,42.7190107,-87.8670333
551010017013,gym,VASA Fitness,0.0,42.71717,-87.84362
551010017013,gym,Runonheart Personal Training Fitness and Nutrition,0.0,42.72303,-87.8438199
551010017013,gym,Championship Martial Arts - Racine,3.8,42.7215370563737,-87.8485794687866
551010017013,coffee,O&H Danish Bakery,4.2,42.72009,-87.85173
551010017013,coffee,Starbucks,3.0,42.7196035,-87.84855729
551010017013,coffee,7 Brew Coffee,3.0,42.701258090012914,-87.8538908
551010017013,coffee,Dunkin',3.1,42.71961768723566,-87.8541633984993
551010017013,coffee,Meli Cafe Pancake House & Restaurant,3.9,42.720039964467496,-87.86750274335381
551010017013,daycare,Christ Church Child Care Center,5.0,42.7163467407227,-87.8412475585938
551010017013,daycare,Omunique's Daycare,0.0,42.70897,-87.84694
551010017013,laundry,Pronto Laundromat,3.0,42.7175254821777,-87.843132019043
551010017013,laundry,Martinizing Dry Cleaning,1.4,42.71888,-87.83511
551010017013,laundry,Racine Cleaners & Alterations,1.0,42.718921,-87.8352
551010017061,grocery,Festival Foods,2.8,42.7192054,-87.8492343
551010017061,grocery,Walmart Neighborhood Market,1.6,42.71811055039353,-87.84846437421987
551010017061,grocery,Albrecht's Racine Sentry,1.0,42.7192054,-87.8492343
551010017061,grocery,GFS Marketplace,3.0,42.72045,-87.84442
551010017061,grocery,Piggly Wiggly Super Markets,1.7,42.738092,-87.848389
551010017061,restaurant,Angry Brothers Pub & Grill,3.8,42.7179313315267,-87.8601209074259
551010017061,restaurant,Jose's Blue Sombrero Restaurant & Cantina,3.7,42.719549,-87.859691
551010017061,restaurant,Meli Cafe Pancake House & Restaurant,3.9,42.720039964467496,-87.86750274335381
551010017061,restaurant,Smokehouse 20,3.4,42.71892511323381,-87.86931871190274
551010017061,restaurant,Georgie Porgie's Treefort Restaurant,3.9,42.7191081,-87.8464127
551010017061,pharmacy,Walmart Neighborhood Market,1.6,42.71811055039353,-87.84846437421987
551010017061,pharmacy,Walmart Pharmacy,0.0,42.7183388,-87.8486023
551010017061,pharmacy,Aurora Pharmacy,0.0,42.7192054,-87.8492343
551010017061,clinic,Red Dragon Acupuncture & Wellness Center,5.0,42.7229041,-87.8662643
551010017061,clinic,Wisnova - Racine Endodontics & Periodontics,4.5,42.721012,-87.863973
551010017061,clinic,The Joint Chiropractic,3.7,42.7212,-87.84681
551010017061,clinic,Concentra Medical Centers,1.8,42.7201357483864,-87.8646558523178
551010017061,clinic,Warren Eye Care Center,5.0,42.7209794,-87.8623028
551010017061,hospital,Concentra Medical Centers,1.8,42.7201357483864,-87.8646558523178
551010017061,hospital,Branko Prpa MD - Spine Surgery,0.0,42.7197801,-87.871134
551010017061,school,Schools-Public-Unified,0.0,42.715339,-87.872848
551010017061,school,Racine Unified School District,0.0,42.71682,-87.85539
551010017061,bank,Landmark Credit Union,2.3,42.718178,-87.856154
551010017061,bank,Educators Credit Union,2.9,42.73867,-87.8478499
551010017061,bank,Tcf Bank,0.0,42.7184524536133,-87.8551406860352
551010017061,bank,Johnson Financial Group,0.0,42.7198443,-87.8633805
551010017061,bank,McU Financial Center Credit Union,0.0,42.7139282,-87.8489227
551010017061,hair,Cost Cutters,2.3,42.721292,-87.849303
551010017061,hair,Salon Gloss,4.3,42.720108,-87.864113
551010017061,hair,Aponi Salon,4.2,42.7173044,-87.8473784
551010017061,hair,Rapunzels Headquarters,0.0,42.71986,-87.85658
551010017061,hair,Supercuts,2.6,42.719162,-87.844558
551010017061,gym,Razor Sharp Fitness,3.7,42.7203941345215,-87.8723983764648
551010017061,gym,Synchronicity Pilates Studio,5.0,42.7190107,-87.8670333
551010017061,gym,Red Dragon Acupuncture & Wellness Center,5.0,42.7229041,-87.8662643
551010017061,gym,Runonheart Personal Training Fitness and Nutrition,0.0,42.72303,-87.8438199
551010017061,gym,Championship Martial Arts - Racine,3.8,42.7215370563737,-87.8485794687866
551010017061,coffee,The Grind Cafe,4.4,42.72068,-87.87163
551010017061,coffee,O&H Danish Bakery,4.2,42.72009,-87.85173
551010017061,coffee,Starbucks,3.0,42.7196035,-87.84855729
551010017061,coffee,Meli Cafe Pancake House & Restaurant,3.9,42.720039964467496,-87.86750274335381
551010017061,coffee,Dunkin',3.1,42.71961768723566,-87.8541633984993
551010017032,restaurant,Joey's West,4.2,42.756374,-87.905825
551010017032,restaurant,Subway,2.8,42.7568966,-87.90785328850733
551010017032,clinic,Racine Community Acupuncture,5.0,42.7601852416992,-87.9132537841797
551010017032,clinic,Franksville Veterinary Clinic,3.0,42.7577095,-87.9098587
551010017032,clinic,Caledonia Veterinary Clinic,2.3,42.7759799,-87.8736
551010017032,clinic,8 Branches Chinese Medicine,5.0,42.9826,-87.88087
551010017032,clinic,Anderson's Pet Valhalla,5.0,42.7554393165687,-87.9083263068848
551010017032,school,Schools-Public Unified,0.0,42.7588081359863,-87.8865127563477
551010017032,school,North Cape School District School,0.0,42.7601089,-87.9140472
551010017032,school,Little Champs Academy I,1.6,42.757614840523146,-87.9093455
551010017032,school,St. Edwards Child Development Center,5.0,42.7147701029875,-87.8174086590202
551010017032,school,Easy Method Driving School - South Milwaukee,3.0,42.91109605838729,-87.86042915988035
551010017032,bank,U.S. Bank Branch,0.0,42.756645,-87.907066
551010017032,bank,Sehgal Legacy Technologies,0.0,42.46117277751879,-87.86960563234669
551010017032,hair,The Mane,0.0,42.760183,-87.913182
551010017032,hair,Dye Wild Salon,5.0,42.76013484618882,-87.9131067354541
551010017032,hair,Meraki Beauty Lounge ,2.7,42.75676,-87.90802
551010017032,hair,Blue Dove Salon & Day Spa,4.8,42.705217,-87.826609
551010017032,hair,Junction Room,0.0,42.75978,-87.91293
551010017032,gym,Blue River CrossFit,0.0,42.70024,-87.82501
551010017032,gym,Aces Fit,5.0,42.0642107,-87.697642
551010017032,gym,Training By J,5.0,42.7577026,-87.9093072
551010017032,gym,GYMGUYZ Greater Waukesha County,0.0,43.0069885253906,-88.2314529418945
551010017032,gym,Beyond Yoga,0.0,42.91054036600274,-87.86150509216601
551010017032,daycare,Little Champs Academy I,1.6,42.757614840523146,-87.9093455
551010017032,daycare,Motherland Learning Childcare,5.0,42.712299011554066,-87.80694035175821
551010017032,daycare,St. Edwards Child Development Center,5.0,42.7147701029875,-87.8174086590202
551010017032,daycare,Faithbridge Childcare Learning Center,0.0,42.759668,-87.911728
551010017032,daycare,T L C Child Care,0.0,42.7351684570312,-87.9036178588867
551010017032,laundry,Laundromax,4.5,42.623438,-87.844068
551010017032,laundry,Gina's Cleaning & Tailoring,0.0,42.756763458252,-87.9080200195312
551010017032,laundry,Whitefish Bay Cleaners,2.5,43.118336,-87.9147102
551010017032,laundry,SR Sparkle Service,0.0,42.726104,-87.82545
551010017032,laundry,Cleaning by Jessica,0.0,43.7473,-87.733491
550590009005,grocery,San Luis Grocery Store,4.4,42.58814,-87.83202
550590009005,grocery,Lou Perrine's Gas & Groceries,3.3,42.5889299555177,-87.8226048306885
550590009005,grocery,Fonte Food Market,0.0,42.5911026000977,-87.8278121948242
550590009005,grocery,Lomeli Butcher Shop,4.8,42.584088,-87.830099
550590009005,grocery,Quality Food Market,0.0,42.5910224914551,-87.8320846557617
550590009005,restaurant,Sazzy B,4.0,42.5844855,-87.818309489584
550590009005,restaurant,Church & Market,4.3,42.58456790408943,-87.81999506462459
550590009005,restaurant,The Garage,4.4,42.58068301332095,-87.84570178684729
550590009005,restaurant,Apis Restaurant,4.3,42.58522,-87.81937
550590009005,restaurant,Fin & Ale,4.4,42.598199,-87.820856
550590009005,pharmacy,Modern Apothecary,4.7,42.5910034179688,-87.8208465576172
550590009005,pharmacy,CVS Pharmacy,3.4,42.602343,-87.836525
550590009005,pharmacy,Living Well Home Medical Supplies,2.6,42.6013792,-87.8455087
550590009005,clinic,Acupuncture Oriental Medicine Clinic,0.0,42.59949641747082,-87.87661004453427
550590009005,clinic,Three Moons Acupuncture,0.0,42.5906798713135,-87.8209512
550590009005,clinic,Eye Care 4 U Sc,5.0,42.58601,-87.8222504
550590009005,clinic,Genesis Chiropractic Wellness & Rehabilitation Center,4.8,42.5811915,-87.8235537
550590009005,clinic,Savaglio Eye Clinic,5.0,42.6053696,-87.8455124
550590009005,hospital,St Catherine's Hospital,2.5,42.6055794,-87.8206024
550590009005,hospital,St Catherine's Medical Center Campus,3.7,42.6055794,-87.8206024
550590009005,hospital,Neurology Center of Kenosha,0.0,42.58597,-87.82055
550590009005,hospital,Chicago Concierge Pediatrics,4.0,41.9030647277832,-87.6746368408203
550590009005,school,Schools-Parochial,0.0,42.5902269780636,-87.8333739191294
550590009005,school,Kenosha Unified School District,0.0,42.58245,-87.8228
550590009005,school,Schools Parochial,0.0,42.5855598449707,-87.8326263427734
550590009005,school,Our Lady of Mount Carmel Pre-School Center,5.0,42.5859795,-87.8325577
550590009005,school,Donnas Gymnastics,0.0,42.5836176,-87.8180691
550590009005,bank,Chase Bank,2.8,42.6023208221792,-87.8449362516403
550590009005,bank,Tcf Bank,0.0,42.58437,-87.8182099
550590009005,bank,Flagstar Bank,1.0,42.5810699,-87.81795
550590009005,bank,Sehgal Legacy Technologies,0.0,42.46117277751879,-87.86960563234669
550590009005,hair,Moda Bella Salon and Spa,4.0,42.5811179,-87.822197
550590009005,hair,New Era Beauty,5.0,42.589566335529426,-87.8201253
550590009005,hair,Salon Pure,4.7,42.5853200899882,-87.818299
550590009005,hair,Salon on Sixth,3.9,42.58981,-87.81989
550590009005,hair,Theodore's Hair Design,0.0,42.5986862182617,-87.8208618164062
550590009005,gym,Anytime Fitness,4.3,42.58467,-87.81883
550590009005,gym,Flex & Burn Fitness,5.0,42.58384,-87.8181
550590009005,gym,XB Fitness,0.0,42.5880699157715,-87.8236465454102
550590009005,gym,Mellen Movement,0.0,42.58467,-87.81883
550590009005,gym,Step It Up with Steph,4.8,41.9005387,-87.6245928
550590009005,coffee,Anna's On The Lake,4.8,42.58841,-87.81896
550590009005,coffee,The Buzz Cafe,4.3,42.5845158347379,-87.8183250501752
550590009005,coffee,BLAK Coffee Kenosha,4.8,42.58432947643807,-87.81954713085696
550590009005,coffee,The Coffee Pot,4.1,42.591208,-87.820777
550590009005,coffee,Café at the Stella,4.1,42.58334,-87.82117
550590009005,daycare,Our Lady of Mount Carmel Pre-School Center,5.0,42.5859795,-87.8325577
550590009005,daycare,St. Edwards Child Development Center,5.0,42.7147701029875,-87.8174086590202
550590009005,daycare,Love N Care,1.0,42.5838814,-87.8249817
550590009005,daycare,Jasmine Child Care,0.0,42.5910301,-87.8297577
550590009005,daycare,Friedens Lutheran Day Care,5.0,42.5902269780636,-87.8333739191294
550590009005,laundry,Laundromax,4.5,42.623438,-87.844068
550590009005,laundry,Martino's Master Dry Cleaners,1.9,42.56574553539526,-87.8570088
550590009005,laundry,Martino's Master Drycleaners,1.0,42.5932808,-87.8208008
550590009005,laundry,Whitefish Bay Cleaners,2.5,43.118336,-87.9147102
550590009005,laundry,Lakeside Cleaners,0.0,42.5811386108398,-87.821907043457
551410117001,restaurant,Austin's Diner,4.0,44.34258742767776,-89.8604103
551410117001,restaurant,El Cafe,5.0,44.34253921150539,-89.8604103
551410117001,clinic,Behavioral Health Clinic-Stevens Point,0.0,44.490255394816955,-89.55215849999999
551410117001,clinic,Behavioral Health Clinic,0.0,44.6626,-90.16786
551410117001,clinic,AN/EX Hypnosis & Wellness Center,5.0,44.51565465165259,-89.63783277812149
551410117001,clinic,Central Wisconsin Speech Therapy,0.0,44.98220980000001,-89.64803620295872
551410117001,school,Port Edwards School District,0.0,44.346866607666,-89.8609466552734
551410117001,bank,Nekoosa Port Edwards State Bank,0.0,44.3431587219238,-89.8610153198242
551410117001,bank,Port Credit Union,0.0,44.3431625366211,-89.8596572875977
551410117001,hair,Mia Bella Salon,0.0,44.342555,-89.859962
551410117001,gym,Stevens Taekwondo,0.0,44.339337721467,-89.8593067377806
551410117001,daycare,Tender Loving Children's Center & Preschool,0.0,44.35089,-89.86098
551410117001,daycare,Head Start-Wood County,0.0,44.3400726318359,-89.8594360351562
551410117001,daycare,Child Care Centers Of Marshfield,0.0,44.673798,-90.159712
551410117001,laundry,5 Corners Laundry & Dry Cleaning,0.0,44.654663,-90.180343
551410117001,laundry,Cinderella's Cleaning Company,0.0,44.51565465165259,-89.63783277812149
551410104002,restaurant,Old Country Buffet Restaurant Cabinet Div,0.0,44.64153,-90.14534
551410104002,school,Marshfield School District,0.0,44.6526870727539,-90.1637496948242
551410109002,clinic,Mobile Veterinary Practice,3.5,44.45818,-89.89277
551410109002,clinic,Vruwink Dan DVM,3.7,44.456836377107166,-89.89320805768277
551410102003,restaurant,Village Hearth Fine Dining & Catering,0.0,44.64531,-90.09933
551410102003,clinic,Behavioral Health Clinic,0.0,44.6626,-90.16786
551410102003,clinic,Behavioral Health Clinic-Stevens Point,0.0,44.490255394816955,-89.55215849999999
551410102003,clinic,AN/EX Hypnosis & Wellness Center,5.0,44.51565465165259,-89.63783277812149
551410102003,clinic,Central Wisconsin Speech Therapy,0.0,44.98220980000001,-89.64803620295872
551410102003,daycare,Child Care Centers Of Marshfield,0.0,44.673798,-90.159712
551410102003,daycare,Joyful Minds Daycare,0.0,44.7366185,-90.4948965
551410102003,laundry,5 Corners Laundry & Dry Cleaning,0.0,44.654663,-90.180343
551410102003,laundry,Pittsville Laundromat,0.0,44.43903559230422,-90.12739679144134
551410102003,laundry,Cinderella's Cleaning Company,0.0,44.51565465165259,-89.63783277812149
551410103001,grocery,Festival Foods,2.4,44.6835026,-90.1608269
551410103001,grocery,Pick'n Save,3.3,44.661107,-90.175249
551410103001,grocery,Wolf's Grocery,0.0,44.66829,-90.16114
551410103001,grocery,Dollar General,0.0,44.67355,-90.16825
551410103001,restaurant,MoJo's Pasta House and Cajun Cook Shack,4.8,44.6656992025286,-90.1741853356361
551410103001,restaurant,The Kitchen Table,4.5,44.6654777509482,-90.174551138623
551410103001,restaurant,Nutz Deep II,3.9,44.6602526307106,-90.178165063262
551410103001,restaurant,Lumberyard Bar & Grill,3.8,44.682511,-90.1625111
551410103001,restaurant,Blue Heron Brewpub,3.7,44.65943,-90.17966
551410103001,pharmacy,Walgreens,1.0,44.6767110525091,-90.1677386462688
551410103001,pharmacy,Marshfield Clinic Pharmacy,1.0,44.6785163879395,-90.1779479980469
551410103001,pharmacy,Clinic Pharmacy,0.0,44.66186,-90.17762
551410103001,pharmacy,Rotech,3.0,44.66216,-90.16775
551410103001,clinic,Marshfield Clinic,1.3,44.6778111884071,-90.17667974395265
551410103001,clinic,"Dental Clinic of Marshfield, S.C",5.0,44.684585,-90.165618
551410103001,clinic,Dragt Chiropractic Clinic & Laser Center,0.0,44.6802344173193,-90.1618156582117
551410103001,clinic,Sport & Spine Clinic of Marshfield,5.0,44.66106,-90.17209
551410103001,clinic,Astia Health,0.0,44.66207,-90.17793
551410103001,hospital,Saint Joseph's Hospital,0.0,44.67452,-90.17471
551410103001,hospital,Marshfield Medical Center,4.5,44.678083,-90.178815
551410103001,hospital,Marshfield Clinic,1.3,44.6778111884071,-90.17667974395265
551410103001,hospital,Therapy & Performance Ctr Saint Joseph's Hospital,0.0,44.68096,-90.16673
551410103001,hospital,Children's Miracle Network,0.0,44.6754004,-90.1799051
551410103001,school,Marshfield School District,0.0,44.67159,-90.15387
551410103001,school,Immanuel Lutheran Church & School,0.0,44.66242,-90.17917
551410103001,school,Marshfield School District,0.0,44.66776,-90.15823
551410103001,school,Driver Education Academy,1.0,44.667102,-90.1774197
551410103001,school,Marshfield Area Catholic Schools,0.0,44.670721963048,-90.1744683086872
551410103001,bank,Prevail Bank,5.0,44.67481,-90.1686
551410103001,bank,Simplicity Credit Union,2.0,44.67974,-90.1607
551410103001,bank,First State Bank,0.0,44.68351,-90.16258
551410103001,bank,Forward Bank,0.0,44.6765791,-90.1665145
551410103001,bank,Community Bank,0.0,44.66698,-90.17363
551410103001,hair,Blues Hair Studio,5.0,44.6824151478954,-90.1625648608711
551410103001,hair,First Impressions,4.5,44.6742704013084,-90.1687700601189
551410103001,hair,Studio 211,5.0,44.666028233114574,-90.17721907305284
551410103001,hair,Fringe Studio,5.0,44.66623,-90.17438
551410103001,hair,Frayed Knot Salon,0.0,44.66662,-90.1735
551410103001,gym,Marshfield Area YMCA,3.7,44.6852228,-90.1731406
551410103001,gym,Anytime Fitness,0.0,44.6678944,-90.1731772
551410103001,gym,FIRE Fitness Marshfield,0.0,44.66572,-90.17305
551410103001,gym,Curves,5.0,44.66572,-90.17305
551410103001,gym,Planet Fitness,0.0,44.67850792012981,-90.1614956
551410103001,coffee,Uptown Coffee Company,4.3,44.665537274300995,-90.1741913
551410103001,coffee,Coffee Cabin Espresso,4.8,44.6789665,-90.1655378
551410103001,coffee,The Daily Grind,3.4,44.665369,-90.174951
551410103001,coffee,BIGGBY COFFEE,3.4,44.6836891025305,-90.1620107889175
551410103001,coffee,Cattails Coffee,4.5,44.67770042180156,-90.17725677116395
551410103001,daycare,Child Care Center of Marshfield,0.0,44.6738128662109,-90.1594390869141
551410103001,daycare,ABC Child Care Centers,0.0,44.66573,-90.1655399
551410103001,daycare,Child Care Centers Of Marshfield,0.0,44.673798,-90.159712
551410103001,daycare,Marshfield Area YMCA,3.7,44.6852228,-90.1731406
551410103001,daycare,Mama Bears Chlidcare Site 2,0.0,44.66584,-90.16514
551410103001,laundry,5 Corners Laundry & Dry Cleaning,0.0,44.654663,-90.180343
551410103001,laundry,Baltus Laundromat,1.4,44.684279,-90.16026
551410103001,laundry,Pittsville Laundromat,0.0,44.43903559230422,-90.12739679144134
551410103001,laundry,Cinderella's Cleaning Company,0.0,44.51565465165259,-89.63783277812149
551410103002,grocery,Pick'n Save,3.3,44.661107,-90.175249
551410103002,grocery,Wolf's Grocery,0.0,44.66829,-90.16114
551410103002,grocery,Dollar General,0.0,44.67355,-90.16825
551410103002,restaurant,The Kitchen Table,4.5,44.6654777509482,-90.174551138623
551410103002,restaurant,MoJo's Pasta House and Cajun Cook Shack,4.8,44.6656992025286,-90.1741853356361
551410103002,restaurant,Nutz Deep II,3.9,44.6602526307106,-90.178165063262
551410103002,restaurant,Casa Amigos Mexican Restaurant 2 Marshfield,4.6,44.66777,-90.17394
551410103002,restaurant,Royal Tokyo Teppanyaki & Steak House,4.2,44.666472,-90.172527
551410103002,pharmacy,Walgreens,1.0,44.6767110525091,-90.1677386462688
551410103002,pharmacy,Clinic Pharmacy,0.0,44.66186,-90.17762
551410103002,pharmacy,Marshfield Clinic Pharmacy,1.0,44.6785163879395,-90.1779479980469
551410103002,pharmacy,Rotech,3.0,44.66216,-90.16775
551410103002,clinic,Marshfield Clinic,1.3,44.6778111884071,-90.17667974395265
551410103002,clinic,Sport & Spine Clinic of Marshfield,5.0,44.66106,-90.17209
551410103002,clinic,Astia Health,0.0,44.66207,-90.17793
551410103002,clinic,Behavioral Health Clinic,0.0,44.6626,-90.16786
551410103002,clinic,Marshfield Clinic,0.0,44.6785163879395,-90.1779479980469
551410103002,hospital,Saint Joseph's Hospital,0.0,44.67452,-90.17471
551410103002,hospital,Marshfield Medical Center,4.5,44.678083,-90.178815
551410103002,hospital,Marshfield Clinic,1.3,44.6778111884071,-90.17667974395265
551410103002,hospital,Children's Miracle Network,0.0,44.6754004,-90.1799051
551410103002,hospital,Family Health Center of Marshfield - Primary Care Center,0.0,44.66182576381014,-90.17782761520922
551410103002,school,Marshfield School District,0.0,44.67159,-90.15387
551410103002,school,Immanuel Lutheran Church & School,0.0,44.66242,-90.17917
551410103002,school,Driver Education Academy,1.0,44.667102,-90.1774197
551410103002,school,Marshfield School District,0.0,44.66776,-90.15823
551410103002,school,Marshfield Area Catholic Schools,0.0,44.670721963048,-90.1744683086872
551410103002,bank,Prevail Bank,5.0,44.67481,-90.1686
551410103002,bank,Simplicity Credit Union,2.0,44.67974,-90.1607
551410103002,bank,Community Bank,0.0,44.66698,-90.17363
551410103002,bank,Associated Bank,1.0,44.66445,-90.17771
551410103002,bank,Forward Bank,0.0,44.6765791,-90.1665145
551410103002,hair,Fringe Studio,5.0,44.66623,-90.17438
551410103002,hair,Studio 211,5.0,44.666028233114574,-90.17721907305284
551410103002,hair,First Impressions,4.5,44.6742704013084,-90.1687700601189
551410103002,hair,Frayed Knot Salon,0.0,44.66662,-90.1735
551410103002,hair,Hair By Elly McClara,0.0,44.66662,-90.1735
551410103002,gym,Curves,5.0,44.66572,-90.17305
551410103002,gym,Anytime Fitness,0.0,44.6678944,-90.1731772
551410103002,gym,FIRE Fitness Marshfield,0.0,44.66572,-90.17305
551410103002,gym,Planet Fitness,0.0,44.67850792012981,-90.1614956
551410103002,gym,Namaste Yoga Studio,0.0,44.6666794,-90.1731033
551410103002,coffee,Uptown Coffee Company,4.3,44.665537274300995,-90.1741913
551410103002,coffee,The Daily Grind,3.4,44.665369,-90.174951
551410103002,coffee,Coffee Cabin Espresso,4.8,44.6789665,-90.1655378
551410103002,coffee,Cattails Coffee,4.5,44.67770042180156,-90.17725677116395
551410103002,coffee,Central Cafe,4.5,44.6562,-90.18054
551410103002,daycare,ABC Child Care Centers,0.0,44.66573,-90.1655399
551410103002,daycare,Mama Bears Chlidcare Site 2,0.0,44.66584,-90.16514
551410103002,daycare,Child Care Center of Marshfield,0.0,44.6738128662109,-90.1594390869141
551410103002,daycare,Child Care Centers Of Marshfield,0.0,44.673798,-90.159712
551410103002,daycare,Immanuel Lutheran Church & School,0.0,44.66242,-90.17917
551410103002,laundry,5 Corners Laundry & Dry Cleaning,0.0,44.654663,-90.180343
551410103002,laundry,Pittsville Laundromat,0.0,44.43903559230422,-90.12739679144134
551410103002,laundry,Cinderella's Cleaning Company,0.0,44.51565465165259,-89.63783277812149
551410103003,grocery,Pick'n Save,3.3,44.661107,-90.175249
551410103003,grocery,Wolf's Grocery,0.0,44.66829,-90.16114
551410103003,grocery,Dollar General,0.0,44.67355,-90.16825
551410103003,restaurant,The Kitchen Table,4.5,44.6654777509482,-90.174551138623
551410103003,restaurant,MoJo's Pasta House and Cajun Cook Shack,4.8,44.6656992025286,-90.1741853356361
551410103003,restaurant,Nutz Deep II,3.9,44.6602526307106,-90.178165063262
551410103003,restaurant,Blue Heron Brewpub,3.7,44.65943,-90.17966
551410103003,restaurant,The Rivers Tavern,3.0,44.6601896709771,-90.1782904565334
551410103003,pharmacy,Clinic Pharmacy,0.0,44.66186,-90.17762
551410103003,pharmacy,Rotech,3.0,44.66216,-90.16775
551410103003,clinic,Sport & Spine Clinic of Marshfield,5.0,44.66106,-90.17209
551410103003,clinic,Absolute Health Chiropractic,0.0,44.66106,-90.17209
551410103003,clinic,Astia Health,0.0,44.66207,-90.17793
551410103003,clinic,Marriage And Family Health Services,0.0,44.661555148936145,-90.1719226
551410103003,clinic,Behavioral Health Clinic,0.0,44.6626,-90.16786
551410103003,hospital,Saint Joseph's Hospital,0.0,44.67452,-90.17471
551410103003,hospital,Children's Miracle Network,0.0,44.6754004,-90.1799051
551410103003,hospital,Family Health Center of Marshfield - Primary Care Center,0.0,44.66182576381014,-90.17782761520922
551410103003,school,Immanuel Lutheran Church & School,0.0,44.66242,-90.17917
551410103003,school,Marshfield School District,0.0,44.67159,-90.15387
551410103003,school,Driver Education Academy,1.0,44.667102,-90.1774197
551410103003,school,Marshfield School District,0.0,44.66776,-90.15823
551410103003,school,Marshfield School District,0.0,44.659783,-90.1640196
551410103003,bank,Prevail Bank,5.0,44.67481,-90.1686
551410103003,bank,Community Bank,0.0,44.66698,-90.17363
551410103003,bank,Guaranty Bank,0.0,44.66108,-90.17561
551410103003,bank,Associated Bank,1.0,44.66445,-90.17771
551410103003,bank,State Bank of Lacrosse,0.0,44.66596,-90.17509
551410103003,hair,Studio 211,5.0,44.666028233114574,-90.17721907305284
551410103003,hair,Fringe Studio,5.0,44.66623,-90.17438
551410103003,hair,Frayed Knot Salon,0.0,44.66662,-90.1735
551410103003,hair,First Impressions,4.5,44.6742704013084,-90.1687700601189
551410103003,hair,High Street Salon Spa & Travel,2.3,44.66575,-90.17496
551410103003,gym,Curves,5.0,44.66572,-90.17305
551410103003,gym,FIRE Fitness Marshfield,0.0,44.66572,-90.17305
551410103003,gym,Anytime Fitness,0.0,44.6678944,-90.1731772
551410103003,gym,Namaste Yoga Studio,0.0,44.6666794,-90.1731033
551410103003,gym,Derrico's Black Belt School,0.0,44.6658668518066,-90.1748046875
551410103003,coffee,Uptown Coffee Company,4.3,44.665537274300995,-90.1741913
551410103003,coffee,The Daily Grind,3.4,44.665369,-90.174951
551410103003,coffee,Central Cafe,4.5,44.6562,-90.18054
551410103003,coffee, 2 1/2 Cups Cupcakery & Bakeshop,4.2,44.6666412,-90.1740723
551410103003,coffee,Coffee Concepts,0.0,44.6655006408691,-90.1751327514648
551410103003,daycare,ABC Child Care Centers,0.0,44.66573,-90.1655399
551410103003,daycare,Immanuel Lutheran Church & School,0.0,44.66242,-90.17917
551410103003,daycare,Child Care Center of Marshfield,0.0,44.6738128662109,-90.1594390869141
551410103003,daycare,Child Care Centers Of Marshfield,0.0,44.673798,-90.159712
551410103003,daycare,Mama Bears Chlidcare Site 2,0.0,44.66584,-90.16514
551410103003,laundry,5 Corners Laundry & Dry Cleaning,0.0,44.654663,-90.180343
551410103003,laundry,Pittsville Laundromat,0.0,44.43903559230422,-90.12739679144134
551410103003,laundry,Cinderella's Cleaning Company,0.0,44.51565465165259,-89.63783277812149
551410103004,grocery,Pick'n Save,3.3,44.661107,-90.175249
551410103004,grocery,Wolf's Grocery,0.0,44.66829,-90.16114
551410103004,restaurant,MoJo's Pasta House and Cajun Cook Shack,4.8,44.6656992025286,-90.1741853356361
551410103004,restaurant,The Kitchen Table,4.5,44.6654777509482,-90.174551138623
551410103004,restaurant,Nutz Deep II,3.9,44.6602526307106,-90.178165063262
551410103004,restaurant,Blue Heron Brewpub,3.7,44.65943,-90.17966
551410103004,restaurant,Central Cafe,4.5,44.6562,-90.18054
551410103004,pharmacy,Clinic Pharmacy,0.0,44.66186,-90.17762
551410103004,pharmacy,Rotech,3.0,44.66216,-90.16775
551410103004,clinic,Astia Health,0.0,44.66207,-90.17793
551410103004,clinic,Sport & Spine Clinic of Marshfield,5.0,44.66106,-90.17209
551410103004,clinic,Absolute Health Chiropractic,0.0,44.66106,-90.17209
551410103004,clinic,Behavioral Health Clinic,0.0,44.6626,-90.16786
551410103004,clinic,Back to Bliss - Marshfield,0.0,44.66528,-90.17543
551410103004,hospital,Children's Miracle Network,0.0,44.6754004,-90.1799051
551410103004,hospital,Family Health Center of Marshfield - Primary Care Center,0.0,44.66182576381014,-90.17782761520922
551410103004,school,Immanuel Lutheran Church & School,0.0,44.66242,-90.17917
551410103004,school,Driver Education Academy,1.0,44.667102,-90.1774197
551410103004,school,Marshfield School District,0.0,44.66776,-90.15823
551410103004,school,Marshfield School District,0.0,44.659783,-90.1640196
551410103004,school,Marshfield School District,0.0,44.65939,-90.16342
551410103004,bank,Guaranty Bank,0.0,44.66108,-90.17561
551410103004,bank,Associated Bank,1.0,44.66445,-90.17771
551410103004,bank,Pioneer Bank,0.0,44.6610398590565,-90.1776192337275
551410103004,bank,Valley Communities Credit Union,0.0,44.64873,-90.18149
551410103004,bank,Community Bank,0.0,44.66698,-90.17363
551410103004,hair,Studio 211,5.0,44.666028233114574,-90.17721907305284
551410103004,hair,Fringe Studio,5.0,44.66623,-90.17438
551410103004,hair,Frayed Knot Salon,0.0,44.66662,-90.1735
551410103004,hair,High Street Salon Spa & Travel,2.3,44.66575,-90.17496
551410103004,hair,Hair Shoppe,0.0,44.6621971130371,-90.1681976318359
551410103004,gym,FIRE Fitness Marshfield,0.0,44.66572,-90.17305
551410103004,gym,Curves,5.0,44.66572,-90.17305
551410103004,gym,Anytime Fitness,0.0,44.6678944,-90.1731772
551410103004,gym,Namaste Yoga Studio,0.0,44.6666794,-90.1731033
551410103004,gym,Derrico's Black Belt School,0.0,44.6658668518066,-90.1748046875
551410103004,coffee,Uptown Coffee Company,4.3,44.665537274300995,-90.1741913
551410103004,coffee,The Daily Grind,3.4,44.665369,-90.174951
551410103004,coffee,Central Cafe,4.5,44.6562,-90.18054
551410103004,coffee, 2 1/2 Cups Cupcakery & Bakeshop,4.2,44.6666412,-90.1740723
551410103004,coffee,Coffee Concepts,0.0,44.6655006408691,-90.1751327514648
551410103004,daycare,ABC Child Care Centers,0.0,44.66573,-90.1655399
551410103004,daycare,Immanuel Lutheran Church & School,0.0,44.66242,-90.17917
551410103004,daycare,Child Care Centers Of Marshfield,0.0,44.673798,-90.159712
551410103004,daycare,Mama Bears Chlidcare Site 2,0.0,44.66584,-90.16514
551410103004,daycare,Joyful Minds Daycare,0.0,44.7366185,-90.4948965
551410103004,laundry,5 Corners Laundry & Dry Cleaning,0.0,44.654663,-90.180343
551410103004,laundry,Pittsville Laundromat,0.0,44.43903559230422,-90.12739679144134
551410103004,laundry,Cinderella's Cleaning Company,0.0,44.51565465165259,-89.63783277812149
551314201061,grocery,Pick'n Save,2.4,43.42944,-88.21311
551314201061,grocery,Sendik's Food Market,3.4,43.4257350862026,-88.2012080401182
551314201061,grocery,West Bend Sausage Plus,4.3,43.42635,-88.19628
551314201061,restaurant,GoodDay Cafe,3.8,43.42759,-88.21363
551314201061,restaurant,Billy Sims BBQ,4.4,43.427552239962026,-88.1963106617332
551314201061,restaurant,Don Ramon Mexican Restaurant,3.1,43.42850003285408,-88.21537825970294
551314201061,restaurant,West Bend Sausage Plus,4.3,43.42635,-88.19628
551314201061,restaurant,Taqueria El Paso,3.9,43.42673804590134,-88.1984998
551314201061,pharmacy,Walgreens,1.7,43.427507507045256,-88.20009022951132
551314201061,pharmacy,Aurora Pharmacy,0.0,43.4291515499353,-88.2132082432508
551314201061,pharmacy,Sears Roebuck and,0.0,43.42519,-88.20246
551314201061,clinic,Foot Clinic of West Bend,0.0,43.4293422,-88.2131022
551314201061,clinic,"Lisa G Kornely, DPM",5.0,43.4285820820561,-88.2132080830896
551314201061,clinic,Oakbrook Dental,3.0,43.426916919838185,-88.2046451
551314201061,school,West Bend School District No 1,0.0,43.43763,-88.1991199
551314201061,school,All The Above Dance Company,0.0,43.4489288330078,-88.1733703613281
551314201061,bank,U.S. Bank Branch,4.0,45.6007,-121.18306
551314201061,bank,U.S. Bank Branch,1.8,43.42678,-88.20665
551314201061,hair,The Hair Affair,5.0,43.42701,-88.20582
551314201061,hair,Rose Marie's Hair Designers,3.2,43.4297977011695,-88.2168593
551314201061,hair,Family Hair Designing,0.0,43.42972,-88.21675
551314201061,hair,Cost Cutters,3.7,43.428866,-88.212987
551314201061,hair,Donna's Hair Nook,0.0,43.4264077,-88.1958605
551314201061,gym,The Fit House,5.0,43.4445823054636,-88.1898156163275
551314201061,gym,Planet Fitness,3.5,43.42517818700696,-88.20279197054607
551314201061,coffee,GoodDay Cafe,3.8,43.42759,-88.21363
551314201061,coffee,Starbucks,2.2,43.42652813042226,-88.20163280257349
551314201061,coffee,Baskin Robbins,4.0,43.42747,-88.19827
551314201061,coffee,McDonald's,1.7,43.4275454445317,-88.2020404143441
551314201061,coffee,Kwik Trip,3.7,43.42634858786547,-88.198834
551314201061,daycare,Y McA Discovery Childcare Center,0.0,43.4258,-88.1915
551314201061,laundry,Mastery Dry Cleaner,0.0,43.42887,-88.21297
551314201061,laundry,Hometown Dry Cleaners,0.0,43.42887,-88.21297
550150206003,restaurant,Tabasco’s Mexican Restaurant,2.8,43.94998481318633,-88.0869084
550150206003,restaurant,7 Corners Bar & Restaurant,3.5,43.93520371160016,-88.0629524
550150206003,restaurant,Korner Kitchen,4.2,43.946227,-88.079112
550150206003,clinic,New Holstein Family Eye Care,3.0,43.948237,-88.082746
550150206003,clinic,Back In Action Rehabilitation,0.0,43.9481378,-88.0827189
550150206003,clinic,Paris Drake,5.0,44.17885,-88.4823399
550150206003,clinic,Tails For Life,0.0,43.80961,-88.51192
550150206003,clinic,Helping Hands Caregivers,0.0,44.254347,-88.4360344
550150206003,bank,Premier Financial Credit Union,2.0,43.950604,-88.086524
550150206003,hair,Classic Cuts,0.0,43.949909326798874,-88.08724888422361
550150206003,hair,Ahavah Spa,0.0,44.83245,-87.37416
550150206003,coffee,Kwik Trip,4.5,43.9493224,-88.08493
550150206003,laundry,Belson Company,1.0,44.527465,-88.083709
550150206003,laundry,Lindemans Cleaning,1.0,44.448761,-88.0542221
550150206003,laundry,Lindeman's Cleaning,1.3,44.4717903,-87.9831085
550819504004,grocery,J-Mart Japanese/Asian Grocery Store,4.6,43.94394997803948,-90.81114451779192
550819504004,grocery,Hansen's IGA Market,0.0,43.940003,-90.822407
550819504004,grocery,Walmart Supercenter,2.6,43.9413,-90.83284
550819504004,grocery,Lapasada Grocery Store,0.0,43.9394187927246,-90.8066864013672
550819504004,grocery,Tienda Elvira,0.0,43.938850402832,-90.8174743652344
550819504004,restaurant,Matsumoto Ramen House,4.9,43.94465,-90.81112
550819504004,restaurant,The Sandwich Shop,4.9,43.93948,-90.81042
550819504004,restaurant,Kazoku Bistro,2.9,43.94561728712479,-90.81123804417808
550819504004,restaurant,El Rey De Los Tacos,4.3,43.9397499343388,-90.8067199587822
550819504004,restaurant,Shane & Penney's Slice of Chicago,4.4,43.93886,-90.8171
550819504004,pharmacy,Walgreens,3.1,43.939487749208,-90.8197528123856
550819504004,pharmacy,Sparta Pharmacy,4.8,43.9431686401367,-90.810546875
550819504004,pharmacy,Walmart Supercenter,2.6,43.9413,-90.83284
550819504004,pharmacy,Walmart Pharmacy,0.0,43.94076,-90.83259
550819504004,clinic,Mayo Clinic Health System - Franciscan Healthcare in Sparta,1.0,43.94434911544481,-90.81424138220964
550819504004,clinic,Innovations Rehab,5.0,43.9388275146484,-90.8166885375977
550819504004,clinic,Chiropractic Place Family Wellness Centers,5.0,43.938872,-90.8161
550819504004,clinic,Mayo Clinic Health System,0.0,43.94434863263602,-90.81424138221033
550819504004,clinic,Morganside Veterinary Clinic,2.3,43.93925,-90.8166
550819504004,hospital,Mayo Clinic Health System - Franciscan Healthcare in Sparta,1.0,43.94434911544481,-90.81424138220964
550819504004,hospital,Pace Michael T MD,0.0,43.9430084228516,-90.8147735595703
550819504004,hospital,Radcliffe Jon MD,0.0,43.9430084228516,-90.8147735595703
550819504004,hospital,Stebbins Jill MD,0.0,43.9430084228516,-90.8147735595703
550819504004,hospital,Halbur Richard B PA-C,0.0,43.943008,-90.814773
550819504004,school,St Patrick's Catholic Church & School,0.0,43.943767,-90.815592
550819504004,school,Sparta Area School District,0.0,43.95816,-90.81061
550819504004,school,Sparta Area School District,0.0,43.94871,-90.82069
550819504004,school,Sparta Area School District,0.0,43.9486694335938,-90.823486328125
550819504004,school,Schools,0.0,43.9486694335938,-90.823486328125
550819504004,bank,1st Community Credit Union,1.0,43.9391625,-90.8241009
550819504004,bank,Union Bank of Sparta,0.0,43.9436912536621,-90.8119049072266
550819504004,bank,Park Bank,0.0,43.9456481933594,-90.8104629516602
550819504004,bank,Citizens First Bank,0.0,43.93846,-90.82241
550819504004,bank,Fort Mc Coy,0.0,43.93913,-90.82033
550819504004,hair,Studio Six Hair Design Mary Woodworth,5.0,43.94273,-90.81164
550819504004,hair,Shades Body Studio and More,3.5,43.93888658120707,-90.8166418
550819504004,hair,Lin's Hair Salon,0.0,43.9405899047852,-90.8154983520508
550819504004,hair,The Edge Salon,0.0,43.93887850473686,-90.8166451548044
550819504004,hair,Shears & Sugar Hair Studio,0.0,43.9388316,-90.8166885
550819504004,gym,Fit 4 Life,0.0,43.9260597,-90.9150696
550819504004,gym,Whirled Peace Studios,0.0,43.94523517548899,-90.8111565
550819504004,coffee,Franklin Coffee House,4.6,43.94605714189914,-90.8102620883433
550819504004,coffee,Ginny's Cupboard,4.0,43.9451942443848,-90.8104629516602
550819504004,coffee,Super Restaurant,3.7,43.93876,-90.8285
550819504004,daycare,Connie's Just For Kids Day Care,0.0,43.9495620727539,-90.820442199707
550819504004,daycare,Great Beginnings Day Care,0.0,43.9453087,-90.8145981
550819504004,laundry,Band Box Dry Cleaners & Laundry,0.0,43.9436378479004,-90.8096771240234
550959607021,clinic,Osceola Veterinary Service,4.0,45.33780051771179,-92.68175057808467
550959607021,clinic,Inner Strength Health and Wellness,0.0,44.96144,-92.37544
550959607021,daycare,Qualle Bear Daycare,0.0,45.3605512529612,-92.6310465484858
550959607021,laundry,St Croix Falls Laundromat,3.0,45.4157551102848,-92.6446803547274
551091210002,grocery,Roberts Grocery,0.0,44.9831047230836,-92.5538921356201
551091210002,grocery,Roberts Grocery,0.0,44.9836006164551,-92.5584106445312
551091210002,restaurant,Sidetrack Saloon,3.9,44.98311455217027,-92.55439476008532
551091210002,restaurant,Robert's Cafe,4.7,44.98326,-92.55525
551091210002,restaurant,Carbone's Pizzeria,3.1,44.983064,-92.554242
551091210002,restaurant,Subway,0.0,44.9919702781582,-92.5515508422487
551091210002,school,Schools,0.0,44.98223,-92.5528151
551091210002,school,Legacy Driving School of MN,0.0,45.22016,-93.3276693
551091210002,hair,Corner Clippers,5.0,44.9831919937946,-92.5539250474069
551091210002,hair,Shear Innovations,0.0,44.9830652028322,-92.5533644109964
551091210002,gym,Snap Fitness,0.0,44.9897289,-92.5503632
551091210002,gym,Sukowatey Nancy & Gary Dance Studio,0.0,44.9933242797852,-92.5573196411133
551091210002,gym,St Croix Valley School of Ballroom & Social Dance,0.0,44.9933242797852,-92.5573196411133
551091210002,coffee,Robert's Cafe,4.7,44.98326,-92.55525
551091210002,daycare,All My Friends Childcare,0.0,44.99181,-92.55122
551091210002,daycare,Daisy Hill Early Learning Center,0.0,44.9915008544922,-92.5381927490234
551091210003,restaurant,Parkside Restaurant & Bar,3.1,44.9805387,-92.43645
551091210003,clinic,Heritage Court,0.0,44.9824073791504,-92.4360824584961
551091210003,school,St Croix Central School District,0.0,44.9781912,-92.4456957
551091210003,school,Schools,0.0,44.9781912,-92.4456957
551039705002,grocery,Dollar General,0.0,43.19065,-90.19977
551039705002,restaurant,Lone Rock Bistro and Taproom,3.5,43.1826933,-90.1984033
551039705002,restaurant,Keg & Kettle,0.0,43.1838340759277,-90.1985015869141
551039705002,restaurant,MH Friends,0.0,43.182618,-90.198429
551039705002,restaurant,Lone Stop Amoco,4.0,43.190731,-90.1996613
551039705002,clinic,"Amanda Eagan, DNP, CRNA, APNP",5.0,43.007175,-89.7397949
551039705002,clinic,Behavioral Health Clinic,0.0,43.102889,-89.317664
551039705002,clinic,Badger State Hydrate,0.0,43.07446581436501,-89.38079770210774
551039705002,clinic,Van Go,2.7,43.191079,-89.454317
551039705002,clinic,Take Paws,4.9,43.09814453125,-89.2986221313477
551039705002,hospital,Lina's Notary Solutions,0.0,43.09738435,-89.5127905
551039705002,school,River Valley School District,0.0,43.1858788,-90.2008896
551039705002,school,Just For Me Family Center,0.0,43.1947183,-89.2154692
551039705002,school,Casa de Corazón - Madison,5.0,43.055529,-89.48943
551039705002,school,Monroe Street Arts Center,3.1,43.065490835335225,-89.4168456185378
551039705002,school,Panamerican Driving School,0.0,43.064137713385506,-89.41871637293052
551039705002,bank,Royal Bank,0.0,43.1824417114258,-90.198486328125
551039705002,gym,Mindful Wellness,0.0,43.10625,-89.51311
551039705002,gym,Emily Cares,0.0,43.027895,-89.518134
551039705002,gym,Sparkling Survivor,0.0,42.9252517218702,-88.84427751434588
551039705002,gym,Tranquil Journey,0.0,42.544993,-90.693795
551039705002,daycare,Casa de Corazón - Madison,5.0,43.055529,-89.48943
551039705002,daycare,Art Dance Education Child Care,0.0,43.040636,-89.491965
551039705002,daycare,Learning And Beyond Preschool,1.0,43.009946,-89.290439
551039705002,daycare,Just For Me Family Center,0.0,43.1947183,-89.2154692
551039705002,daycare,Emily Cares,0.0,43.027895,-89.518134
551039705002,laundry,Acm Laundry,3.3,43.181287213570904,-89.22934879073112
551039705002,laundry,Driftless Laundry Center,0.0,43.331655693889815,-90.3824822
551039705002,laundry,Ellie’s Cleaning Services,0.0,43.1829701529365,-89.44260594321622
551039705002,laundry,Gutierrez Clean,0.0,43.037135,-89.38568
551039705002,laundry,Considerate Care,0.0,42.70691299,-89.00986481
550870126041,restaurant,Leo's Diner,3.4,44.30042,-88.5377
550870126041,restaurant,The Broasted Bean,0.0,44.300335436046176,-88.53797574424888
550870126041,restaurant,Greenville Cafe,3.3,44.3004182216422,-88.5358726233244
550870126041,clinic,Family Services of Northeast Wisconsin,1.0,44.50999,-88.01708
550870126041,clinic,Great Lakes Veterinary Clinic,4.3,44.1556481,-88.5406989
550870126041,clinic,Chiropractic Health & Rehabilitation Center,0.0,44.30305983,-88.53606783
550870126041,clinic,Us 2 Behavioral Health Care,3.0,44.25916365496783,-88.47534047369108
550870126041,clinic,Acupuncture One,0.0,44.302333,-88.537002
550870126041,hospital,Greenville Foot & Ankle Center,0.0,44.301862,-88.53706
550870126041,school,Immanuel Ev Lutheran School,0.0,44.286243,-88.55548
550870126041,school,Greenville Middle School,0.0,44.2938147404437,-88.5341623529063
550870126041,school,Greenville Elementary School,0.0,44.2912356555462,-88.5335102677345
550870126041,school,Schools,0.0,44.2933273,-88.5347748
550870126041,school,Bubolz Nature Preserve,4.3,44.311612,-88.449619
550870126041,hair,Mosaic Salon & Tanning,4.4,44.303855,-88.5413956
550870126041,hair,Ahavah Spa,0.0,44.83245,-87.37416
550870126041,gym,Body By You Training,5.0,44.56503,-123.26351
550870126041,gym,The Exercise Coach Appleton,0.0,44.294119,-88.376459
550870126041,gym,Soul Symphony,0.0,44.3177274,-88.158268
550870126041,daycare,Play and Grow Learning Center,0.0,44.30163,-88.53647
550870126041,daycare,Kid's Kingdom Day Care,0.0,44.2476,-88.35178
550870126041,daycare,Community Builders Childcare,0.0,44.470322,-88.448905
550870126041,daycare,Pint-Sized Child Care,0.0,44.72294,-88.06869
550870126041,laundry,The Laundry Gal,0.0,44.265165156915806,-88.41459239765932
550870126041,laundry,Command Laundry,5.0,43.784638034355936,-88.4637532
550870121012,grocery,StoneRidge Piggly Wiggly - Kaukauna,3.7,44.26006,-88.2722299
550870121012,restaurant,Road Trip Food & Spirits,4.3,44.2438,-88.26636
550870121012,restaurant,Pagoni's Pizza,4.1,44.259748,-88.271037
550870121012,restaurant,New China Wok,3.9,44.263969,-88.273168
550870121012,restaurant,Roundabout Bar & Grill,3.1,44.243214,-88.273375
550870121012,restaurant,Haen Meat Packing,2.8,44.243774,-88.284352
550870121012,pharmacy,Walgreens,0.0,44.259978,-88.2732606
550870121012,pharmacy,Walgreens,2.2,44.26,-88.2733
550870121012,clinic,Haanen-Zilisch-Smith Chiropractic Clinic,5.0,44.26403,-88.27423
550870121012,clinic,Cherkasky Alan MD,0.0,44.2575302,-88.273262
550870121012,clinic,Orthopedic & Spine Therapy,5.0,44.26346,-88.27428
550870121012,clinic,Clever K9's,3.6,44.26311,-88.27329
550870121012,clinic,A Handful of Hope,0.0,44.2633214,-88.2958691
550870121012,school,Schools,0.0,44.25934,-88.27948
550870121012,school,Schools,0.0,44.2597,-88.28448
550870121012,bank,Capital Credit Union,1.0,44.2603721,-88.2721923
550870121012,hair,Olistica Organic Beauty,5.0,44.24407,-88.28607
550870121012,hair,Cost Cutters - Kaukauna,1.7,44.26199,-88.2744
550870121012,hair,The Barbershop A Hair Salon for Men,3.9,44.2593631632549,-88.2709968611222
550870121012,hair,Walgreens,0.0,44.259978,-88.2732606
550870121012,gym,Anytime Fitness,4.6,44.25938,-88.27109
550870121012,gym,Big Impact Fitness,0.0,44.241528,-88.290234
550870121012,gym,Iron Forge Fitness & Training,0.0,44.24159643854976,-88.29027631721826
550870121012,gym,Optimized Personal Training & Health Coaching,0.0,44.25960977910514,-88.289063449307
550870121012,gym,Iron Forge Fitness & Training,5.0,44.24178,-88.29004
550870121012,coffee,Drop Bar Cafe,3.6,44.2581,-88.28543
550870121012,coffee,Express Convenience Mart,5.0,44.2611770629883,-88.274284362793
550870121012,laundry,Bubble Fresh Laundry Center,3.8,44.2620379698547,-88.274029090213
550870125053,restaurant,Holidays Pub & Grill,3.5,44.30077199775256,-88.41520864923015
550870125053,restaurant,Dhami Sports Bar FOOD  ARCADE FUN,2.3,44.318282923402926,-88.41438263278658
550870125053,restaurant,Culver's,2.1,44.3023,-88.4182
550870125053,restaurant,Tom's Drive In,2.5,44.30098424851447,-88.414332332443
550870125053,clinic,Timbercrest Dental Center,4.2,44.302968,-88.413882
550870125053,clinic,VetIQ Petcare,0.0,44.30044,-88.419044
550870125053,bank,Johnson Financial Group,0.0,44.30329355741476,-88.415956
550870125053,gym,StretchLab,0.0,44.30155439662919,-88.41431229999999
550870125053,coffee,Starbucks,0.0,44.300882,-88.418412
550870125053,coffee,Kwik Trip,0.0,44.30254159,-88.4159835
550870125053,coffee,Meijer Express Gas Station,0.0,44.301451521664454,-88.41616969148212
550870125053,laundry,Lakeshore Cleaners,1.0,44.31011,-88.41579
